,TRASCONTINENTAL,,,,,,,,,,,
,CARTA DE CREDITO / BCO. SCOTIABANK,,,,,,,,,,SE ADICIONO POLIZS,
,VP. TORRENS   LLEGO :  09.05.12,,,,,,PEDIDO 049-11   09  UNIDADES  FORLAND,,,,,
,B/L  EUKOSHPU1081065,,MFTO.  2011- ,,,,,,,,,
,F/C FT11190PE,10.03.12,,,,,,,,,,
, , ,,,,,,,,,,
,,,,,,,,,,,,
,CODIGO,MARCA,TIPO,MODELO,POLIZA,# ORD.,CHASIS,,,MOTOR,COLOR,AÑO
,MODELO,,,,,,,,,,,FAB.
,,,,,,,,,,,,
1,BJ3248DLPJE-S,FORLAND,VOLQUETE,INCAPOWER FD150,190880,006221,LVBV6PEBXCN019866,TRAVESIAS,,P10290E321612B015868,ROJO,2012
2,BJ3248DLPJE-S,FORLAND,VOLQUETE,INCAPOWER FD150,190902,006222,LVBV6PEB1CN019867,TRAVESIAS,,P10290E321612B015869,ROJO,2012
3,BJ3248DLPJE-S,FORLAND,VOLQUETE,INCAPOWER FD150,191195,006223,LVBV6PEB3CN019868,TRAVESIAS,,P10290E321612B015871,ROJO,2012
4,BJ3248DLPJE-S,FORLAND,VOLQUETE,INCAPOWER FD150,191017,006224,LVBV6PEB5CN019869,TRAVESIAS,,P10290E321612B015873,BLANCO,2012
5,BJ3248DLPJE-S,FORLAND,VOLQUETE,INCAPOWER FD150,191035,006225,LVBV6PEB1CN019870,TRAVESIAS,,P10290E321612B015876,BLANCO,2012
6,BJ3248DLPJE-S,FORLAND,VOLQUETE,INCAPOWER FD150,191027,006226,LVBV6PEB3CN019871,TRAVESIAS,,P10290E321612B015870,AZUL,2012
7,BJ3248DLPJE-S,FORLAND,VOLQUETE,INCAPOWER FD150,191057,006227,LVBV6PEB5CN019872,TRAVESIAS,,P10290E321612B015874,AZUL,2012
8,BJ3102V4PDB-A3,FORLAND,VOLQUETE,INCAPOWER FD130,190328,006228,LVBV4PDB8CN019873,TRAVESIAS,,YC6J19020J41F1C00003,ROJO,2012
9,BJ3102V4PDB-A3,FORLAND,VOLQUETE,INCAPOWER FD130,190346,006229,LVBV4PDB7CN019881,TRAVESIAS,,YC6J19020J41F1C00004,BLANCO,2012
,,,,,,,,,,,,
,,,,,,,,,,,,
,,,,,,,,,,,,
,TRASCONTINENTAL,,,,,,,,,,,
,CARTA DE CREDITO / BCO. SCOTIABANK,,,,,,,,,,,
,VP.  MSC CHICAGO   LLEGO : 03.05.12,,,,,,PEDIDO 050-11   42  UNIDADES  FORLAND,,,,,
,B/L  SHZ1287625,,MFTO.  2011- 20358,,,,,,,,,
,F/C FT11188PE,15.02.12,,,,,,,,,,
,,,,,,,,,,,,
,CODIGO,MARCA,TIPO,MODELO,POLIZA,# ORD.,CHASIS,,,MOTOR,COLOR,AÑO
,SPEC,,,,,,,,,,,FAB.
,,,,,,,,,,,,
1,BJ1039V4JD3-SA,FORLAND,CAMION,INCAPOWER F25,178437,004785,LVAV2JBB2CN010421,TRAVESIAS,,4DW92-73 WB329200,AZUL,2012
2,BJ1039V4JD3-SA,FORLAND,CAMION,INCAPOWER F25,178445,004786,LVAV2JBB3CN010427,TRAVESIAS,,4DW92-73 WB329213,ROJO,2012
3,BJ1039V4JD3-SA,FORLAND,CAMION,INCAPOWER F25,178456,004787,LVAV2JBB5CN010459,TRAVESIAS,,4DW92-73 WB329187,BLANCO,2012
4,BJ1039V4JD3-SA,FORLAND,CAMION,INCAPOWER F25,178476,004788,LVAV2JBB6CN010454,TRAVESIAS,,4DW92-73 WB329193,BLANCO,2012
5,BJ1039V4JD3-SA,FORLAND,CAMION,INCAPOWER F25,178495,004789,LVAV2JBB2CN010449,TRAVESIAS,,4DW92-73 WB329177,BLANCO,2012
6,BJ1039V4JD3-SA,FORLAND,CAMION,INCAPOWER F25,178512,004790,LVAV2JBB9CN010447,TRAVESIAS,,4DW92-73 WB329192,BLANCO,2012
7,BJ1039V4JD3-SA,FORLAND,CAMION,INCAPOWER F25,178457,004791,LVAV2JBBXCN010425,TRAVESIAS,,4DW92-73 WB329188,ROJO,2012
8,BJ1039V4JD3-SA,FORLAND,CAMION,INCAPOWER F25,178477,004792,LVAV2JBB7CN010446,TRAVESIAS,,4DW92-73 WB329216,BLANCO,2012
9,BJ1039V4JD3-SA,FORLAND,CAMION,INCAPOWER F25,178494,004793,LVAV2JBB0CN010448,TRAVESIAS,,4DW92-73 WB329210,BLANCO,2012
10,BJ1039V4JD3-SA,FORLAND,CAMION,INCAPOWER F25,178467,004794,LVAV2JBB1CN010460,TRAVESIAS,,4DW92-73 WB329182,BLANCO,2012
11,BJ1039V4JD3-SA,FORLAND,CAMION,INCAPOWER F25,178488,004795,LVAV2JBB8CN010455,TRAVESIAS,,4DW92-73 WB329207,BLANCO,2012
12,BJ1039V4JD3-SA,FORLAND,CAMION,INCAPOWER F25,178508,004796,LVAV2JBB3CN010458,TRAVESIAS,,4DW92-73 WB329172,BLANCO,2012
13,BJ1039V4JD3-SA,FORLAND,CAMION,INCAPOWER F25,178523,004797,LVAV2JBB3CN010430,TRAVESIAS,,4DW92-73 WB329173,ROJO,2012
14,BJ1039V4JD3-SA,FORLAND,CAMION,INCAPOWER F25,178524,004798,LVAV2JBB4CN010419,TRAVESIAS,,4DW92-73 WB329190,AZUL,2012
15,BJ1039V4JD3-SA,FORLAND,CAMION,INCAPOWER F25,178536,004799,LVAV2JBB3CN010444,TRAVESIAS,,4DW92-73 WB329176,BLANCO,2012
16,BJ1039V4JD3-SA,FORLAND,CAMION,INCAPOWER F25,178550,004800,LVAV2JBB0CN010417,TRAVESIAS,,4DW92-73 WB329181,AZUL,2012
17,BJ1039V4JD3-SA,FORLAND,CAMION,INCAPOWER F25,178558,004801,LVAV2JBB1CN010457,TRAVESIAS,,4DW92-73 WB329185,BLANCO,2012
18,BJ1039V4JD3-SA,FORLAND,CAMION,INCAPOWER F25,178567,004802,LVAV2JBB0CN010451,TRAVESIAS,,4DW92-73 WB329220,BLANCO,2012
19,BJ1039V4JD3-SA,FORLAND,CAMION,INCAPOWER F25,178540,004803,LVAV2JBB6CN010423,TRAVESIAS,,4DW92-73 WB329183,ROJO,2012
20,BJ1039V4JD3-SA,FORLAND,CAMION,INCAPOWER F25,178549,004804,LVAV2JBB9CN010450,TRAVESIAS,,4DW92-73 WB329174,BLANCO,2012
21,BJ1039V4JD3-SA,FORLAND,CAMION,INCAPOWER F25,178555,004805,LVAV2JBB3CN010461,TRAVESIAS,,4DW92-73 WB329178,BLANCO,2012
22,BJ1039V4JD3-SA,FORLAND,CAMION,INCAPOWER F25,178563,004806,LVAV2JBB2CN010418,TRAVESIAS,,4DW92-73 WB329217,BLANCO,2012
23,BJ1039V4JD3-SA,FORLAND,CAMION,INCAPOWER F25,178574,004807,LVAV2JBB8CN010424,TRAVESIAS,,4DW92-73 WB329197,ROJO,2012
24,BJ1039V4JD3-SA,FORLAND,CAMION,INCAPOWER F25,178591,004808,LVAV2JBB1CN010426,TRAVESIAS,,4DW92-73 WB329221,ROJO,2012
25,BJ1039V4JD3-SA,FORLAND,CAMION,INCAPOWER F25,178561,004809,LVAV2JBB8CN010486,TRAVESIAS,,4DW92-73 WB329214,BLANCO,2012
26,BJ1039V4JD3-SA,FORLAND,CAMION,INCAPOWER F25,178568,004810,LVAV2JBB4CN010453,TRAVESIAS,,4DW92-73 WB329201,BLANCO,2012
27,BJ1039V4JD3-SA,FORLAND,CAMION,INCAPOWER F25,178583,004811,LVAV2JBB2CN010452,TRAVESIAS,,4DW92-73 WB329184,BLANCO,2012
28,BJ1039V4JD3-SA,FORLAND,CAMION,INCAPOWER F25,178601,004812,LVAV2JBB5CN010462,TRAVESIAS,,4DW92-73 WB329211,BLANCO,2012
29,BJ5122V5PDC-1,FORLAND,CAMION,INCAPOWER F130,178579,004813,LVBV5PDCXCN019878,TRAVESIAS,,YC6J19020J1DF8C00024,AMARILLO,2012
30,BJ5122V5PDC-1,FORLAND,CAMION,INCAPOWER F130,178584,004814,LVBV5PDC2CN019051,TRAVESIAS,,YC6J19020J1DF8C00026,AZUL,2012
31,BJ5122V5PDC-1,FORLAND,CAMION,INCAPOWER F130,178594,004815,LVBV5PDC2CN019874,TRAVESIAS,,YC6J19020J1DF8C00025,BLANCO,2012
32,BJ5122V5PDC-1,FORLAND,CAMION,INCAPOWER F130,178593,004816,LVBV5PDC8CN019880,TRAVESIAS,,YC6J19020J1DF8C00031,AMARILLO,2012
33,BJ5122V5PDC-1,FORLAND,CAMION,INCAPOWER F130,178595,004817,LVBV5PDC1CN019056,TRAVESIAS,,YC6J19020J1DF8C00022,AMARILLO,2012
34,BJ5122V5PDC-1,FORLAND,CAMION,INCAPOWER F130,178602,004818,LVBV5PDC3CN019057,TRAVESIAS,,YC6J19020J1DF8C00017,ROJO,2012
35,BJ5122V5PDC-1,FORLAND,CAMION,INCAPOWER F130,178610,004819,LVBV5PDC8CN019054,TRAVESIAS,,YC6J19020J1DF8C00027,AZUL,2012
36,BJ5122V5PDC-1,FORLAND,CAMION,INCAPOWER F130,178611,004820,LVBV5PDC4CN019875,TRAVESIAS,,YC6J19020J1DF8C00035,BLANCO,2012
37,BJ5122V5PDC-1,FORLAND,CAMION,INCAPOWER F130,178622,004821,LVBV5PDC6CN019876,TRAVESIAS,,YC6J19020J1DF8C00030,BLANCO,2012
38,BJ5122V5PDC-1,FORLAND,CAMION,INCAPOWER F130,178623,004822,LVBV5PDC8CN019877,TRAVESIAS,,YC6J19020J1DF8C00023,BLANCO,2012
39,BJ5122V5PDC-A1,FORLAND,CAMION,INCAPOWER F110,179314,004781,LVBV5PDC1CN019042,TRAVESIAS,,YC4E16020E37F5C00047,ROJO,2012
40,BJ5122V5PDC-A1,FORLAND,CAMION,INCAPOWER F110,178649,004782,LVBV5PDC9CN019046,TRAVESIAS,,YC4E16020E37F5C00051,BLANCO,2012
41,BJ5122V5PDC-A1,FORLAND,CAMION,INCAPOWER F110,178659,004783,LVBV5PDC3CN019043,TRAVESIAS,,YC4E16020E37F5C00046,ROJO,2012
42,BJ5122V5PDC-A1,FORLAND,CAMION,INCAPOWER F110,178920,004784,LVBV5PDC2CN019048,TRAVESIAS,,YC4E16020E37F5C00045,AZUL,2012
,,,,,,,,,,,,
,,,,,,,,,,,,
,,,,,,,,,,,,
,TRASCONTINENTAL,,,,,,,,,,,
,"CARTA DE CREDITO / BCO, SCOTIABANK",,,,,,,,,,,
,VP. MORNING CATHERINE   LLEGO :  ,,,,,,PEDIDO 03-12   100  UNIDADES  GONOW,,,,,
,B/L  EUKOSHPU1086420,,MFTO.  2011- ,,,,,,,,,
,F/C GAH2012024,16.04.12,,,,,,,,CAMBIO CILINDRADA DE MOTOR 998,,
,,,,,,,,,,,,
,CODIGO,MARCA,TIPO,MODELO,POLIZA,# ORD.,CHASIS,,,MOTOR,COLOR,AÑO
,MODELO,,,,,,,,,,,FAB.
,,,,,,,,,,,,
1,GA6380SE4/J9FN-84,GONOW,KOMBI,INCAPOWER EIGHT,,,LCR6U3110CX615360   ,TRAVESIAS,,LJ465QR1E1 C03322320 ,ROJO VINO,2012
2,GA6380SE4/J9FN-84,GONOW,KOMBI,INCAPOWER EIGHT,,,LCR6U3110CX615469   ,TRAVESIAS,,LJ465QR1E1 C03322288 ,ROJO VINO,2012
3,GA6380SE4/J9FN-84,GONOW,KOMBI,INCAPOWER EIGHT,,,LCR6U3110CX615486   ,TRAVESIAS,,LJ465QR1E1 C03322274 ,ROJO VINO,2012
4,GA6380SE4/J9FN-84,GONOW,KOMBI,INCAPOWER EIGHT,,,LCR6U3111CX552477   ,TRAVESIAS,,LJ465QR1E1 C03322371 ,ROJO VINO,2012
5,GA6380SE4/J9FN-84,GONOW,KOMBI,INCAPOWER EIGHT,,,LCR6U3111CX552480   ,TRAVESIAS,,LJ465QR1E1 C03322289 ,ROJO VINO,2012
6,GA6380SE4/J9FN-84,GONOW,KOMBI,INCAPOWER EIGHT,,,LCR6U3111CX615366   ,TRAVESIAS,,LJ465QR1E1 C03322416 ,ROJO VINO,2012
7,GA6380SE4/J9FN-84,GONOW,KOMBI,INCAPOWER EIGHT,,,LCR6U3111CX615450   ,TRAVESIAS,,LJ465QR1E1 C03322244 ,ROJO VINO,2012
8,GA6380SE4/J9FN-84,GONOW,KOMBI,INCAPOWER EIGHT,,,LCR6U3111CX615464   ,TRAVESIAS,,LJ465QR1E1 C03322241 ,ROJO VINO,2012
9,GA6380SE4/J9FN-84,GONOW,KOMBI,INCAPOWER EIGHT,,,LCR6U3111CX615481   ,TRAVESIAS,,LJ465QR1E1 C03322313 ,ROJO VINO,2012
10,GA6380SE4/J9FN-84,GONOW,KOMBI,INCAPOWER EIGHT,,,LCR6U3111CX615495   ,TRAVESIAS,,LJ465QR1E1 C03322273 ,ROJO VINO,2012
11,GA6380SE4/J9FN-84,GONOW,KOMBI,INCAPOWER EIGHT,,,LCR6U3111CX615500   ,TRAVESIAS,,LJ465QR1E1 C03322370 ,ROJO VINO,2012
12,GA6380SE4/J9FN-84,GONOW,KOMBI,INCAPOWER EIGHT,,,LCR6U3112CX615425   ,TRAVESIAS,,LJ465QR1E1 C03322285 ,ROJO VINO,2012
13,GA6380SE4/J9FN-84,GONOW,KOMBI,INCAPOWER EIGHT,,,LCR6U3112CX615473   ,TRAVESIAS,,LJ465QR1E1 C03322377 ,ROJO VINO,2012
14,GA6380SE4/J9FN-84,GONOW,KOMBI,INCAPOWER EIGHT,,,LCR6U3113CX552481   ,TRAVESIAS,,LJ465QR1E1 C03322235 ,ROJO VINO,2012
15,GA6380SE4/J9FN-84,GONOW,KOMBI,INCAPOWER EIGHT,,,LCR6U3113CX615451   ,TRAVESIAS,,LJ465QR1E1 C03322333 ,ROJO VINO,2012
16,GA6380SE4/J9FN-84,GONOW,KOMBI,INCAPOWER EIGHT,,,LCR6U3113CX615465   ,TRAVESIAS,,LJ465QR1E1 C03322322 ,ROJO VINO,2012
17,GA6380SE4/J9FN-84,GONOW,KOMBI,INCAPOWER EIGHT,,,LCR6U3114CX552490   ,TRAVESIAS,,LJ465QR1E1 C03322358 ,ROJO VINO,2012
18,GA6380SE4/J9FN-84,GONOW,KOMBI,INCAPOWER EIGHT,,,LCR6U3114CX615409   ,TRAVESIAS,,LJ465QR1E1 C03322376 ,ROJO VINO,2012
19,GA6380SE4/J9FN-84,GONOW,KOMBI,INCAPOWER EIGHT,,,LCR6U3114CX615426   ,TRAVESIAS,,LJ465QR1E1 C03322263 ,ROJO VINO,2012
20,GA6380SE4/J9FN-84,GONOW,KOMBI,INCAPOWER EIGHT,,,LCR6U3114CX615457   ,TRAVESIAS,,LJ465QR1E1 C03322247 ,ROJO VINO,2012
21,GA6380SE4/J9FN-84,GONOW,KOMBI,INCAPOWER EIGHT,,,LCR6U3114CX615491   ,TRAVESIAS,,LJ465QR1E1 C03322286 ,ROJO VINO,2012
22,GA6380SE4/J9FN-84,GONOW,KOMBI,INCAPOWER EIGHT,,,LCR6U3115CX615354   ,TRAVESIAS,,LJ465QR1E1 C03322411 ,ROJO VINO,2012
23,GA6380SE4/J9FN-84,GONOW,KOMBI,INCAPOWER EIGHT,,,LCR6U3115CX615421   ,TRAVESIAS,,LJ465QR1E1 C03322402 ,ROJO VINO,2012
24,GA6380SE4/J9FN-84,GONOW,KOMBI,INCAPOWER EIGHT,,,LCR6U3115CX615435   ,TRAVESIAS,,LJ465QR1E1 C03322250 ,ROJO VINO,2012
25,GA6380SE4/J9FN-84,GONOW,KOMBI,INCAPOWER EIGHT,,,LCR6U3116CX615363   ,TRAVESIAS,,LJ465QR1E1 C03323588 ,ROJO VINO,2012
26,GA6380SE4/J9FN-84,GONOW,KOMBI,INCAPOWER EIGHT,,,LCR6U3116CX615475   ,TRAVESIAS,,LJ465QR1E1 C03322343 ,ROJO VINO,2012
27,GA6380SE4/J9FN-84,GONOW,KOMBI,INCAPOWER EIGHT,,,LCR6U3116CX615492   ,TRAVESIAS,,LJ465QR1E1 C03322204 ,ROJO VINO,2012
28,GA6380SE4/J9FN-84,GONOW,KOMBI,INCAPOWER EIGHT,,,LCR6U3117CX615470   ,TRAVESIAS,,LJ465QR1E1 C03322234 ,ROJO VINO,2012
29,GA6380SE4/J9FN-84,GONOW,KOMBI,INCAPOWER EIGHT,,,LCR6U3117CX615484   ,TRAVESIAS,,LJ465QR1E1 C03322405 ,ROJO VINO,2012
30,GA6380SE4/J9FN-84,GONOW,KOMBI,INCAPOWER EIGHT,,,LCR6U3118CX615364   ,TRAVESIAS,,LJ465QR1E1 C03322302 ,ROJO VINO,2012
31,GA6380SE4/J9FN-84,GONOW,KOMBI,INCAPOWER EIGHT,,,LCR6U3118CX615381   ,TRAVESIAS,,LJ465QR1E1 C03322278 ,ROJO VINO,2012
32,GA6380SE4/J9FN-84,GONOW,KOMBI,INCAPOWER EIGHT,,,LCR6U3118CX615400   ,TRAVESIAS,,LJ465QR1E1 C03322341 ,ROJO VINO,2012
33,GA6380SE4/J9FN-84,GONOW,KOMBI,INCAPOWER EIGHT,,,LCR6U3118CX615428   ,TRAVESIAS,,LJ465QR1E1 C03322254 ,ROJO VINO,2012
34,GA6380SE4/J9FN-84,GONOW,KOMBI,INCAPOWER EIGHT,,,LCR6U3118CX615459   ,TRAVESIAS,,LJ465QR1E1 C03322264 ,ROJO VINO,2012
35,GA6380SE4/J9FN-84,GONOW,KOMBI,INCAPOWER EIGHT,,,LCR6U3119CX615356   ,TRAVESIAS,,LJ465QR1E1 C03322357 ,ROJO VINO,2012
36,GA6380SE4/J9FN-84,GONOW,KOMBI,INCAPOWER EIGHT,,,LCR6U3119CX615468   ,TRAVESIAS,,LJ465QR1E1 C03322323 ,ROJO VINO,2012
37,GA6380SE4/J9FN-84,GONOW,KOMBI,INCAPOWER EIGHT,,,LCR6U3119CX615471   ,TRAVESIAS,,LJ465QR1E1 C03322262 ,ROJO VINO,2012
38,GA6380SE4/J9FN-84,GONOW,KOMBI,INCAPOWER EIGHT,,,LCR6U311XCX552459   ,TRAVESIAS,,LJ465QR1E1 C03321357 ,ROJO VINO,2012
39,GA6380SE4/J9FN-84,GONOW,KOMBI,INCAPOWER EIGHT,,,LCR6U311XCX615477   ,TRAVESIAS,,LJ465QR1E1 C03321394 ,ROJO VINO,2012
40,GA6380SE4/J9FN-84,GONOW,KOMBI,INCAPOWER EIGHT,,,LCR6U311XCX615480   ,TRAVESIAS,,LJ465QR1E1 C03322345 ,ROJO VINO,2012
41,GA6380SE4/J9FN-84,GONOW,KOMBI,INCAPOWER EIGHT,,,LCR6U3110CX552485   ,TRAVESIAS,,LJ465QR1E1 C03322319 ,ROJO VINO,2012
42,GA6380SE4/J9FN-84,GONOW,KOMBI,INCAPOWER EIGHT,,,LCR6U3110CX615472   ,TRAVESIAS,,LJ465QR1E1 C03322365 ,ROJO VINO,2012
43,GA6380SE4/J9FN-84,GONOW,KOMBI,INCAPOWER EIGHT,,,LCR6U3112CX615361   ,TRAVESIAS,,LJ465QR1E1 C03322336 ,ROJO VINO,2012
44,GA6380SE4/J9FN-84,GONOW,KOMBI,INCAPOWER EIGHT,,,LCR6U3112CX615392   ,TRAVESIAS,,LJ465QR1E1 C03322238 ,ROJO VINO,2012
45,GA6380SE4/J9FN-84,GONOW,KOMBI,INCAPOWER EIGHT,,,LCR6U3113CX615398   ,TRAVESIAS,,LJ465QR1E1 C03322236 ,ROJO VINO,2012
46,GA6380SE4/J9FN-84,GONOW,KOMBI,INCAPOWER EIGHT,,,LCR6U3117CX615419   ,TRAVESIAS,,LJ465QR1E1 C03322338 ,ROJO VINO,2012
47,GA6380SE4/J9FN-84,GONOW,KOMBI,INCAPOWER EIGHT,,,LCR6U3117CX615422   ,TRAVESIAS,,LJ465QR1E1 C03322312 ,ROJO VINO,2012
48,GA6380SE4/J9FN-84,GONOW,KOMBI,INCAPOWER EIGHT,,,LCR6U3118CX552492   ,TRAVESIAS,,LJ465QR1E1 C03322381 ,ROJO VINO,2012
49,GA6380SE4/J9FN-84,GONOW,KOMBI,INCAPOWER EIGHT,,,LCR6U3116CX615458   ,TRAVESIAS,,LJ465QR1E1 C03322342 ,ROJO VINO,2012
50,GA6380SE4/J9FN-84,GONOW,KOMBI,INCAPOWER EIGHT,,,LCR6U3119CX615387   ,TRAVESIAS,,LJ465QR1E1 C03322417 ,ROJO VINO,2012
51,GA6380SE4/J9FN-84,GONOW,KOMBI,INCAPOWER EIGHT,,,LCR6U3110CX552454   ,TRAVESIAS,,LJ465QR1E1 C03322317 ,GRIS,2012
52,GA6380SE4/J9FN-84,GONOW,KOMBI,INCAPOWER EIGHT,,,LCR6U3110CX552468   ,TRAVESIAS,,LJ465QR1E1 C03322269 ,GRIS,2012
53,GA6380SE4/J9FN-84,GONOW,KOMBI,INCAPOWER EIGHT,,,LCR6U3110CX615357   ,TRAVESIAS,,LJ465QR1E1 C03322318 ,GRIS,2012
54,GA6380SE4/J9FN-84,GONOW,KOMBI,INCAPOWER EIGHT,,,LCR6U3110CX615388   ,TRAVESIAS,,LJ465QR1E1 C03321019 ,GRIS,2012
55,GA6380SE4/J9FN-84,GONOW,KOMBI,INCAPOWER EIGHT,,,LCR6U3110CX615391   ,TRAVESIAS,,LJ465QR1E1 C03322237 ,GRIS,2012
56,GA6380SE4/J9FN-84,GONOW,KOMBI,INCAPOWER EIGHT,,,LCR6U3110CX615407   ,TRAVESIAS,,LJ465QR1E1 C03322385 ,GRIS,2012
57,GA6380SE4/J9FN-84,GONOW,KOMBI,INCAPOWER EIGHT,,,LCR6U3110CX615438   ,TRAVESIAS,,LJ465QR1E1 C03322401 ,GRIS,2012
58,GA6380SE4/J9FN-84,GONOW,KOMBI,INCAPOWER EIGHT,,,LCR6U3110CX615441   ,TRAVESIAS,,LJ465QR1E1 C03322388 ,GRIS,2012
59,GA6380SE4/J9FN-84,GONOW,KOMBI,INCAPOWER EIGHT,,,LCR6U3110CX615455   ,TRAVESIAS,,LJ465QR1E1 C03322391 ,GRIS,2012
60,GA6380SE4/J9FN-84,GONOW,KOMBI,INCAPOWER EIGHT,,,LCR6U3111CX615433   ,TRAVESIAS,,LJ465QR1E1 C03322386 ,GRIS,2012
61,GA6380SE4/J9FN-84,GONOW,KOMBI,INCAPOWER EIGHT,,,LCR6U3112CX552469   ,TRAVESIAS,,LJ465QR1E1 C03322314 ,GRIS,2012
62,GA6380SE4/J9FN-84,GONOW,KOMBI,INCAPOWER EIGHT,,,LCR6U3112CX615408   ,TRAVESIAS,,LJ465QR1E1 C03322276 ,GRIS,2012
63,GA6380SE4/J9FN-84,GONOW,KOMBI,INCAPOWER EIGHT,,,LCR6U3112CX615439   ,TRAVESIAS,,LJ465QR1E1 C03322409 ,GRIS,2012
64,GA6380SE4/J9FN-84,GONOW,KOMBI,INCAPOWER EIGHT,,,LCR6U3113CX615367   ,TRAVESIAS,,LJ465QR1E1 C03322395 ,GRIS,2012
65,GA6380SE4/J9FN-84,GONOW,KOMBI,INCAPOWER EIGHT,,,LCR6U3113CX615403   ,TRAVESIAS,,LJ465QR1E1 C03322374 ,GRIS,2012
66,GA6380SE4/J9FN-84,GONOW,KOMBI,INCAPOWER EIGHT,,,LCR6U3114CX552456   ,TRAVESIAS,,LJ465QR1E1 C03322326 ,GRIS,2012
67,GA6380SE4/J9FN-84,GONOW,KOMBI,INCAPOWER EIGHT,,,LCR6U3114CX615393   ,TRAVESIAS,,LJ465QR1E1 C03322255 ,GRIS,2012
68,GA6380SE4/J9FN-84,GONOW,KOMBI,INCAPOWER EIGHT,,,LCR6U3115CX552479   ,TRAVESIAS,,LJ465QR1E1 C03322308 ,GRIS,2012
69,GA6380SE4/J9FN-84,GONOW,KOMBI,INCAPOWER EIGHT,,,LCR6U3115CX552482   ,TRAVESIAS,,LJ465QR1E1 C03322268 ,GRIS,2012
70,GA6380SE4/J9FN-84,GONOW,KOMBI,INCAPOWER EIGHT,,,LCR6U3115CX615449   ,TRAVESIAS,,LJ465QR1E1 C03322295 ,GRIS,2012
71,GA6380SE4/J9FN-84,GONOW,KOMBI,INCAPOWER EIGHT,,,LCR6U3115CX615452   ,TRAVESIAS,,LJ465QR1E1 C03322298 ,GRIS,2012
72,GA6380SE4/J9FN-84,GONOW,KOMBI,INCAPOWER EIGHT,,,LCR6U3116CX552457   ,TRAVESIAS,,LJ465QR1E1 C03322420 ,GRIS,2012
73,GA6380SE4/J9FN-84,GONOW,KOMBI,INCAPOWER EIGHT,,,LCR6U3116CX552491   ,TRAVESIAS,,LJ465QR1E1 C03323693 ,GRIS,2012
74,GA6380SE4/J9FN-84,GONOW,KOMBI,INCAPOWER EIGHT,,,LCR6U3116CX615377   ,TRAVESIAS,,LJ465QR1E1 C03323718 ,GRIS,2012
75,GA6380SE4/J9FN-84,GONOW,KOMBI,INCAPOWER EIGHT,,,LCR6U3116CX615380   ,TRAVESIAS,,LJ465QR1E1 C03322387 ,GRIS,2012
76,GA6380SE4/J9FN-84,GONOW,KOMBI,INCAPOWER EIGHT,,,LCR6U3116CX615430   ,TRAVESIAS,,LJ465QR1E1 C03322251 ,GRIS,2012
77,GA6380SE4/J9FN-84,GONOW,KOMBI,INCAPOWER EIGHT,,,LCR6U3117CX552483   ,TRAVESIAS,,LJ465QR1E1 C03322229 ,GRIS,2012
78,GA6380SE4/J9FN-84,GONOW,KOMBI,INCAPOWER EIGHT,,,LCR6U3117CX615369   ,TRAVESIAS,,LJ465QR1E1 C03322299 ,GRIS,2012
79,GA6380SE4/J9FN-84,GONOW,KOMBI,INCAPOWER EIGHT,,,LCR6U3117CX615436   ,TRAVESIAS,,LJ465QR1E1 C03321348 ,GRIS,2012
80,GA6380SE4/J9FN-84,GONOW,KOMBI,INCAPOWER EIGHT,,,LCR6U3117CX615467   ,TRAVESIAS,,LJ465QR1E1 C03322310 ,GRIS,2012
81,GA6380SE4/J9FN-84,GONOW,KOMBI,INCAPOWER EIGHT,,,LCR6U3118CX615431   ,TRAVESIAS,,LJ465QR1E1 C03322311 ,GRIS,2012
82,GA6380SE4/J9FN-84,GONOW,KOMBI,INCAPOWER EIGHT,,,LCR6U3119CX552484   ,TRAVESIAS,,LJ465QR1E1 C03322375 ,GRIS,2012
83,GA6380SE4/J9FN-84,GONOW,KOMBI,INCAPOWER EIGHT,,,LCR6U311XCX552462   ,TRAVESIAS,,LJ465QR1E1 C03322309 ,GRIS,2012
84,GA6380SE4/J9FN-84,GONOW,KOMBI,INCAPOWER EIGHT,,,LCR6U311XCX615382   ,TRAVESIAS,,LJ465QR1E1 C03322253 ,GRIS,2012
85,GA6380SE4/J9FN-84,GONOW,KOMBI,INCAPOWER EIGHT,,,LCR6U311XCX615429   ,TRAVESIAS,,LJ465QR1E1 C03322347 ,GRIS,2012
86,GA6380SE4/J9FN-84,GONOW,KOMBI,INCAPOWER EIGHT,,,LCR6U311XCX615432   ,TRAVESIAS,,LJ465QR1E1 C03322275 ,GRIS,2012
87,GA6380SE4/J9FN-84,GONOW,KOMBI,INCAPOWER EIGHT,,,LCR6U311XCX615446   ,TRAVESIAS,,LJ465QR1E1 C03322327 ,GRIS,2012
88,GA6380SE4/J9FN-84,GONOW,KOMBI,INCAPOWER EIGHT,,,LCR6U3110CX552471   ,TRAVESIAS,,LJ465QR1E1 C03322277 ,GRIS,2012
89,GA6380SE4/J9FN-84,GONOW,KOMBI,INCAPOWER EIGHT,,,LCR6U3112CX615456   ,TRAVESIAS,,LJ465QR1E1 C03322349 ,GRIS,2012
90,GA6380SE4/J9FN-84,GONOW,KOMBI,INCAPOWER EIGHT,,,LCR6U3113CX615370   ,TRAVESIAS,,LJ465QR1E1 C03322397 ,GRIS,2012
91,GA6380SE4/J9FN-84,GONOW,KOMBI,INCAPOWER EIGHT,,,LCR6U3114CX552473   ,TRAVESIAS,,LJ465QR1E1 C03322243 ,GRIS,2012
92,GA6380SE4/J9FN-84,GONOW,KOMBI,INCAPOWER EIGHT,,,LCR6U3116CX615444   ,TRAVESIAS,,LJ465QR1E1 C03322382 ,GRIS,2012
93,GA6380SE4/J9FN-84,GONOW,KOMBI,INCAPOWER EIGHT,,,LCR6U3117CX552452   ,TRAVESIAS,,LJ465QR1E1 C03322408 ,GRIS,2012
94,GA6380SE4/J9FN-84,GONOW,KOMBI,INCAPOWER EIGHT,,,LCR6U3117CX552466   ,TRAVESIAS,,LJ465QR1E1 C03322291 ,GRIS,2012
95,GA6380SE4/J9FN-84,GONOW,KOMBI,INCAPOWER EIGHT,,,LCR6U3119CX615406   ,TRAVESIAS,,LJ465QR1E1 C03322316 ,GRIS,2012
96,GA6380SE4/J9FN-84,GONOW,KOMBI,INCAPOWER EIGHT,,,LCR6U3116CX615461   ,TRAVESIAS,,LJ465QR1E1 C03323691 ,GRIS,2012
97,GA6380SE4/J9FN-84,GONOW,KOMBI,INCAPOWER EIGHT,,,LCR6U3118CX552475   ,TRAVESIAS,,LJ465QR1E1 C03322348 ,GRIS,2012
98,GA6380SE4/J9FN-84,GONOW,KOMBI,INCAPOWER EIGHT,,,LCR6U3119CX615437   ,TRAVESIAS,,LJ465QR1E1 C03322410 ,GRIS,2012
99,GA6380SE4/J9FN-84,GONOW,KOMBI,INCAPOWER EIGHT,,,LCR6U3119CX615373   ,TRAVESIAS,,LJ465QR1E1 C03322403 ,GRIS,2012
100,GA6380SE4/J9FN-84,GONOW,KOMBI,INCAPOWER EIGHT,,,LCR6U3119CX615454,TRAVESIAS,,LJ465QR1E1 C03323715,GRIS,2012
,,,,,,,,,,,,
,,,,,,,,,,,,
,,,,,,,,,,,,
,TRASCONTINENTAL,,,,,,,,,,,
,"CARTA DE CREDITO / BCO, CONTINENTAL",,,,,,,,,,,
,VP. MONRNING CATHERINE   LLEGO :  ,,,,,,PEDIDO 001-122   100  UNIDADES  GONOW,,,,,
,B/L  EUKOSHPU1086421,,MFTO.  2011- ,,,,,,,,,
,F/C GAH2012025,16.04.12,,,,,,,,CAMBIO CILINDRADA DE MOTOR 998,,
,,,,,,,,,,,,
,CODIGO,MARCA,TIPO,MODELO,POLIZA,# ORD.,CHASIS,,,MOTOR,COLOR,AÑO
,MODELO,,,,,,,,,,,FAB.
,,,,,,,,,,,,
1,GA6380SE4/J9FN-84,GONOW,KOMBI,INCAPOWER EIGHT,,,LCR6U3110CX615410   ,TRAVESIAS,,LJ465QR1E1 C03322303 ,BEIGE,2012
2,GA6380SE4/J9FN-84,GONOW,KOMBI,INCAPOWER EIGHT,,,LCR6U3110CX615424   ,TRAVESIAS,,LJ465QR1E1 C03322389 ,BEIGE,2012
3,GA6380SE4/J9FN-84,GONOW,KOMBI,INCAPOWER EIGHT,,,LCR6U3110CX615505   ,TRAVESIAS,,LJ465QR1E1 C03323567 ,BEIGE,2012
4,GA6380SE4/J9FN-84,GONOW,KOMBI,INCAPOWER EIGHT,,,LCR6U3112CX615487   ,TRAVESIAS,,LJ465QR1E1 C03322352 ,BEIGE,2012
5,GA6380SE4/J9FN-84,GONOW,KOMBI,INCAPOWER EIGHT,,,LCR6U3113CX552478   ,TRAVESIAS,,LJ465QR1E1 C03322331 ,BEIGE,2012
6,GA6380SE4/J9FN-84,GONOW,KOMBI,INCAPOWER EIGHT,,,LCR6U3113CX615420   ,TRAVESIAS,,LJ465QR1E1 C03322228 ,BEIGE,2012
7,GA6380SE4/J9FN-84,GONOW,KOMBI,INCAPOWER EIGHT,,,LCR6U3113CX615448   ,TRAVESIAS,,LJ465QR1E1 C03323548 ,BEIGE,2012
8,GA6380SE4/J9FN-84,GONOW,KOMBI,INCAPOWER EIGHT,,,LCR6U3113CX615496   ,TRAVESIAS,,LJ465QR1E1 C03322419 ,BEIGE,2012
9,GA6380SE4/J9FN-84,GONOW,KOMBI,INCAPOWER EIGHT,,,LCR6U3113CX615501   ,TRAVESIAS,,LJ465QR1E1 C03322413 ,BEIGE,2012
10,GA6380SE4/J9FN-84,GONOW,KOMBI,INCAPOWER EIGHT,,,LCR6U3114CX615412   ,TRAVESIAS,,LJ465QR1E1 C03322232 ,BEIGE,2012
11,GA6380SE4/J9FN-84,GONOW,KOMBI,INCAPOWER EIGHT,,,LCR6U3114CX615460   ,TRAVESIAS,,LJ465QR1E1 C03323573 ,BEIGE,2012
12,GA6380SE4/J9FN-84,GONOW,KOMBI,INCAPOWER EIGHT,,,LCR6U3114CX615474   ,TRAVESIAS,,LJ465QR1E1 C03322296 ,BEIGE,2012
13,GA6380SE4/J9FN-84,GONOW,KOMBI,INCAPOWER EIGHT,,,LCR6U3114CX615488   ,TRAVESIAS,,LJ465QR1E1 C03322226 ,BEIGE,2012
14,GA6380SE4/J9FN-84,GONOW,KOMBI,INCAPOWER EIGHT,,,LCR6U3115CX615404   ,TRAVESIAS,,LJ465QR1E1 C03322362 ,BEIGE,2012
15,GA6380SE4/J9FN-84,GONOW,KOMBI,INCAPOWER EIGHT,,,LCR6U3115CX615418   ,TRAVESIAS,,LJ465QR1E1 C03322412 ,BEIGE,2012
16,GA6380SE4/J9FN-84,GONOW,KOMBI,INCAPOWER EIGHT,,,LCR6U3115CX615497   ,TRAVESIAS,,LJ465QR1E1 C03322393 ,BEIGE,2012
17,GA6380SE4/J9FN-84,GONOW,KOMBI,INCAPOWER EIGHT,,,LCR6U3116CX615413   ,TRAVESIAS,,LJ465QR1E1 C03322396 ,BEIGE,2012
18,GA6380SE4/J9FN-84,GONOW,KOMBI,INCAPOWER EIGHT,,,LCR6U3116CX615427   ,TRAVESIAS,,LJ465QR1E1 C03322265 ,BEIGE,2012
19,GA6380SE4/J9FN-84,GONOW,KOMBI,INCAPOWER EIGHT,,,LCR6U3116CX615489   ,TRAVESIAS,,LJ465QR1E1 C03322297 ,BEIGE,2012
20,GA6380SE4/J9FN-84,GONOW,KOMBI,INCAPOWER EIGHT,,,LCR6U3117CX615453   ,TRAVESIAS,,LJ465QR1E1 C03323670 ,BEIGE,2012
21,GA6380SE4/J9FN-84,GONOW,KOMBI,INCAPOWER EIGHT,,,LCR6U3117CX615498   ,TRAVESIAS,,LJ465QR1E1 C03322379 ,BEIGE,2012
22,GA6380SE4/J9FN-84,GONOW,KOMBI,INCAPOWER EIGHT,,,LCR6U3118CX615414   ,TRAVESIAS,,LJ465QR1E1 C03323540 ,BEIGE,2012
23,GA6380SE4/J9FN-84,GONOW,KOMBI,INCAPOWER EIGHT,,,LCR6U3118CX615462   ,TRAVESIAS,,LJ465QR1E1 C03322248 ,BEIGE,2012
24,GA6380SE4/J9FN-84,GONOW,KOMBI,INCAPOWER EIGHT,,,LCR6U3119CX615440   ,TRAVESIAS,,LJ465QR1E1 C03322340 ,BEIGE,2012
25,GA6380SE4/J9FN-84,GONOW,KOMBI,INCAPOWER EIGHT,,,LCR6U311XCX615415   ,TRAVESIAS,,LJ465QR1E1 C03322292 ,BEIGE,2012
26,GA6380SE4/J9FN-84,GONOW,KOMBI,INCAPOWER EIGHT,,,LCR6U311XCX615463   ,TRAVESIAS,,LJ465QR1E1 C03322359 ,BEIGE,2012
27,GA6380SE4/J9FN-84,GONOW,KOMBI,INCAPOWER EIGHT,,,LCR6U311XCX615494   ,TRAVESIAS,,LJ465QR1E1 C03322293 ,BEIGE,2012
28,GA6380SE4/J9FN-84,GONOW,KOMBI,INCAPOWER EIGHT,,,LCR6U3112CX552486   ,TRAVESIAS,,LJ465QR1E1 C03323663 ,BEIGE,2012
29,GA6380SE4/J9FN-84,GONOW,KOMBI,INCAPOWER EIGHT,,,LCR6U3112CX615411   ,TRAVESIAS,,LJ465QR1E1 C03322363 ,BEIGE,2012
30,GA6380SE4/J9FN-84,GONOW,KOMBI,INCAPOWER EIGHT,,,LCR6U3113CX615434   ,TRAVESIAS,,LJ465QR1E1 C03322290 ,BEIGE,2012
31,GA6380SE4/J9FN-84,GONOW,KOMBI,INCAPOWER EIGHT,,,LCR6U3113CX615482   ,TRAVESIAS,,LJ465QR1E1 C03322330 ,BEIGE,2012
32,GA6380SE4/J9FN-84,GONOW,KOMBI,INCAPOWER EIGHT,,,LCR6U3114CX552487   ,TRAVESIAS,,LJ465QR1E1 C03322392 ,BEIGE,2012
33,GA6380SE4/J9FN-84,GONOW,KOMBI,INCAPOWER EIGHT,,,LCR6U3115CX615466   ,TRAVESIAS,,LJ465QR1E1 C03322360 ,BEIGE,2012
34,GA6380SE4/J9FN-84,GONOW,KOMBI,INCAPOWER EIGHT,,,LCR6U3115CX615483   ,TRAVESIAS,,LJ465QR1E1 C03322406 ,BEIGE,2012
35,GA6380SE4/J9FN-84,GONOW,KOMBI,INCAPOWER EIGHT,,,LCR6U3115CX615502   ,TRAVESIAS,,LJ465QR1E1 C03322259 ,BEIGE,2012
36,GA6380SE4/J9FN-84,GONOW,KOMBI,INCAPOWER EIGHT,,,LCR6U3118CX615476   ,TRAVESIAS,,LJ465QR1E1 C03322306 ,BEIGE,2012
37,GA6380SE4/J9FN-84,GONOW,KOMBI,INCAPOWER EIGHT,,,LCR6U3118CX615493   ,TRAVESIAS,,LJ465QR1E1 C03323666 ,BEIGE,2012
38,GA6380SE4/J9FN-84,GONOW,KOMBI,INCAPOWER EIGHT,,,LCR6U3119CX615423   ,TRAVESIAS,,LJ465QR1E1 C03322351 ,BEIGE,2012
39,GA6380SE4/J9FN-84,GONOW,KOMBI,INCAPOWER EIGHT,,,LCR6U3119CX615485   ,TRAVESIAS,,LJ465QR1E1 C03323647 ,BEIGE,2012
40,GA6380SE4/J9FN-84,GONOW,KOMBI,INCAPOWER EIGHT,,,LCR6U311XCX615365   ,TRAVESIAS,,LJ465QR1E1 C03322384 ,BEIGE,2012
41,GA6380SE4/J9FN-84,GONOW,KOMBI,INCAPOWER EIGHT,,,LCR6U3111CX615478   ,TRAVESIAS,,LJ465QR1E1 C03322369 ,BEIGE,2012
42,GA6380SE4/J9FN-84,GONOW,KOMBI,INCAPOWER EIGHT,,,LCR6U3112CX615490   ,TRAVESIAS,,LJ465QR1E1 C03322329 ,BEIGE,2012
43,GA6380SE4/J9FN-84,GONOW,KOMBI,INCAPOWER EIGHT,,,LCR6U3112CX615506   ,TRAVESIAS,,LJ465QR1E1 C03323722 ,BEIGE,2012
44,GA6380SE4/J9FN-84,GONOW,KOMBI,INCAPOWER EIGHT,,,LCR6U3113CX615417   ,TRAVESIAS,,LJ465QR1E1 C03323591 ,BEIGE,2012
45,GA6380SE4/J9FN-84,GONOW,KOMBI,INCAPOWER EIGHT,,,LCR6U3111CX615416   ,TRAVESIAS,,LJ465QR1E1 C03322356 ,BEIGE,2012
46,GA6380SE4/J9FN-84,GONOW,KOMBI,INCAPOWER EIGHT,,,LCR6U3117CX615503   ,TRAVESIAS,,LJ465QR1E1 C03323529 ,BEIGE,2012
47,GA6380SE4/J9FN-84,GONOW,KOMBI,INCAPOWER EIGHT,,,LCR6U3114CX615507   ,TRAVESIAS,,LJ465QR1E1 C03656263 ,BEIGE,2012
48,GA6380SE4/J9FN-84,GONOW,KOMBI,INCAPOWER EIGHT,,,LCR6U3119CX615499   ,TRAVESIAS,,LJ465QR1E1 C03656418 ,BEIGE,2012
49,GA6380SE4/J9FN-84,GONOW,KOMBI,INCAPOWER EIGHT,,,LCR6U3113CX615479   ,TRAVESIAS,,LJ465QR1E1 C03656264 ,BEIGE,2012
50,GA6380SE4/J9FN-84,GONOW,KOMBI,INCAPOWER EIGHT,,,LCR6U3119CX615504   ,TRAVESIAS,,LJ465QR1E1 C03322364 ,BEIGE,2012
51,GA6380SE4/J9FN-84,GONOW,KOMBI,INCAPOWER EIGHT,,,LCR6U3111CX615383   ,TRAVESIAS,,LJ465QR1E1 C03322281 ,PLATA,2012
52,GA6380SE4/J9FN-84,GONOW,KOMBI,INCAPOWER EIGHT,,,LCR6U3111CX615397   ,TRAVESIAS,,LJ465QR1E1 C03322344 ,PLATA,2012
53,GA6380SE4/J9FN-84,GONOW,KOMBI,INCAPOWER EIGHT,,,LCR6U3111CX615402   ,TRAVESIAS,,LJ465QR1E1 C03322284 ,PLATA,2012
54,GA6380SE4/J9FN-84,GONOW,KOMBI,INCAPOWER EIGHT,,,LCR6U3111CX615447   ,TRAVESIAS,,LJ465QR1E1 C03322390 ,PLATA,2012
55,GA6380SE4/J9FN-84,GONOW,KOMBI,INCAPOWER EIGHT,,,LCR6U3112CX552455   ,TRAVESIAS,,LJ465QR1E1 C03322353 ,PLATA,2012
56,GA6380SE4/J9FN-84,GONOW,KOMBI,INCAPOWER EIGHT,,,LCR6U3112CX552472   ,TRAVESIAS,,LJ465QR1E1 C03322257 ,PLATA,2012
57,GA6380SE4/J9FN-84,GONOW,KOMBI,INCAPOWER EIGHT,,,LCR6U3112CX615358   ,TRAVESIAS,,LJ465QR1E1 C03322282 ,PLATA,2012
58,GA6380SE4/J9FN-84,GONOW,KOMBI,INCAPOWER EIGHT,,,LCR6U3112CX615375   ,TRAVESIAS,,LJ465QR1E1 C03322307 ,PLATA,2012
59,GA6380SE4/J9FN-84,GONOW,KOMBI,INCAPOWER EIGHT,,,LCR6U3112CX615389   ,TRAVESIAS,,LJ465QR1E1 C03322367 ,PLATA,2012
60,GA6380SE4/J9FN-84,GONOW,KOMBI,INCAPOWER EIGHT,,,LCR6U3112CX615442   ,TRAVESIAS,,LJ465QR1E1 C03322354 ,PLATA,2012
61,GA6380SE4/J9FN-84,GONOW,KOMBI,INCAPOWER EIGHT,,,LCR6U3113CX552464   ,TRAVESIAS,,LJ465QR1E1 C03322324 ,PLATA,2012
62,GA6380SE4/J9FN-84,GONOW,KOMBI,INCAPOWER EIGHT,,,LCR6U3113CX615384   ,TRAVESIAS,,LJ465QR1E1 C03322270 ,PLATA,2012
63,GA6380SE4/J9FN-84,GONOW,KOMBI,INCAPOWER EIGHT,,,LCR6U3114CX615376   ,TRAVESIAS,,LJ465QR1E1 C03322225 ,PLATA,2012
64,GA6380SE4/J9FN-84,GONOW,KOMBI,INCAPOWER EIGHT,,,LCR6U3114CX615443   ,TRAVESIAS,,LJ465QR1E1 C03322249 ,PLATA,2012
65,GA6380SE4/J9FN-84,GONOW,KOMBI,INCAPOWER EIGHT,,,LCR6U3115CX552448   ,TRAVESIAS,,LJ465QR1E1 C03322418 ,PLATA,2012
66,GA6380SE4/J9FN-84,GONOW,KOMBI,INCAPOWER EIGHT,,,LCR6U3115CX552451   ,TRAVESIAS,,LJ465QR1E1 C03322305 ,PLATA,2012
67,GA6380SE4/J9FN-84,GONOW,KOMBI,INCAPOWER EIGHT,,,LCR6U3115CX552465   ,TRAVESIAS,,LJ465QR1E1 C03322394 ,PLATA,2012
68,GA6380SE4/J9FN-84,GONOW,KOMBI,INCAPOWER EIGHT,,,LCR6U3115CX615399   ,TRAVESIAS,,LJ465QR1E1 C03322239 ,PLATA,2012
69,GA6380SE4/J9FN-84,GONOW,KOMBI,INCAPOWER EIGHT,,,LCR6U3116CX552460   ,TRAVESIAS,,LJ465QR1E1 C03322287 ,PLATA,2012
70,GA6380SE4/J9FN-84,GONOW,KOMBI,INCAPOWER EIGHT,,,LCR6U3116CX552474   ,TRAVESIAS,,LJ465QR1E1 C03322355 ,PLATA,2012
71,GA6380SE4/J9FN-84,GONOW,KOMBI,INCAPOWER EIGHT,,,LCR6U3116CX615394   ,TRAVESIAS,,LJ465QR1E1 C03322230 ,PLATA,2012
72,GA6380SE4/J9FN-84,GONOW,KOMBI,INCAPOWER EIGHT,,,LCR6U3117CX552449   ,TRAVESIAS,,LJ465QR1E1 C03322339 ,PLATA,2012
73,GA6380SE4/J9FN-84,GONOW,KOMBI,INCAPOWER EIGHT,,,LCR6U3117CX615355   ,TRAVESIAS,,LJ465QR1E1 C03322325 ,PLATA,2012
74,GA6380SE4/J9FN-84,GONOW,KOMBI,INCAPOWER EIGHT,,,LCR6U3117CX615386   ,TRAVESIAS,,LJ465QR1E1 C03322267 ,PLATA,2012
75,GA6380SE4/J9FN-84,GONOW,KOMBI,INCAPOWER EIGHT,,,LCR6U3118CX552458   ,TRAVESIAS,,LJ465QR1E1 C03322283 ,PLATA,2012
76,GA6380SE4/J9FN-84,GONOW,KOMBI,INCAPOWER EIGHT,,,LCR6U3118CX552461   ,TRAVESIAS,,LJ465QR1E1 C03322332 ,PLATA,2012
77,GA6380SE4/J9FN-84,GONOW,KOMBI,INCAPOWER EIGHT,,,LCR6U3118CX552489   ,TRAVESIAS,,LJ465QR1E1 C03322261 ,PLATA,2012
78,GA6380SE4/J9FN-84,GONOW,KOMBI,INCAPOWER EIGHT,,,LCR6U3118CX615378   ,TRAVESIAS,,LJ465QR1E1 C03322272 ,PLATA,2012
79,GA6380SE4/J9FN-84,GONOW,KOMBI,INCAPOWER EIGHT,,,LCR6U3118CX615395   ,TRAVESIAS,,LJ465QR1E1 C03322337 ,PLATA,2012
80,GA6380SE4/J9FN-84,GONOW,KOMBI,INCAPOWER EIGHT,,,LCR6U3118CX615445   ,TRAVESIAS,,LJ465QR1E1 C03322301 ,PLATA,2012
81,GA6380SE4/J9FN-84,GONOW,KOMBI,INCAPOWER EIGHT,,,LCR6U3119CX552467   ,TRAVESIAS,,LJ465QR1E1 C03322240 ,PLATA,2012
82,GA6380SE4/J9FN-84,GONOW,KOMBI,INCAPOWER EIGHT,,,LCR6U3119CX615390   ,TRAVESIAS,,LJ465QR1E1 C03322415 ,PLATA,2012
83,GA6380SE4/J9FN-84,GONOW,KOMBI,INCAPOWER EIGHT,,,LCR6U311XCX615379   ,TRAVESIAS,,LJ465QR1E1 C03322260 ,PLATA,2012
84,GA6380SE4/J9FN-84,GONOW,KOMBI,INCAPOWER EIGHT,,,LCR6U311XCX615396   ,TRAVESIAS,,LJ465QR1E1 C03322328 ,PLATA,2012
85,GA6380SE4/J9FN-84,GONOW,KOMBI,INCAPOWER EIGHT,,,LCR6U311XCX615401   ,TRAVESIAS,,LJ465QR1E1 C03322398 ,PLATA,2012
86,GA6380SE4/J9FN-84,GONOW,KOMBI,INCAPOWER EIGHT,,,LCR6U3110CX615374   ,TRAVESIAS,,LJ465QR1E1 C03322315 ,PLATA,2012
87,GA6380SE4/J9FN-84,GONOW,KOMBI,INCAPOWER EIGHT,,,LCR6U3111CX552463   ,TRAVESIAS,,LJ465QR1E1 C03322366 ,PLATA,2012
88,GA6380SE4/J9FN-84,GONOW,KOMBI,INCAPOWER EIGHT,,,LCR6U3113CX552447   ,TRAVESIAS,,LJ465QR1E1 C03322334 ,PLATA,2012
89,GA6380SE4/J9FN-84,GONOW,KOMBI,INCAPOWER EIGHT,,,LCR6U3113CX552450   ,TRAVESIAS,,LJ465QR1E1 C03322256 ,PLATA,2012
90,GA6380SE4/J9FN-84,GONOW,KOMBI,INCAPOWER EIGHT,,,LCR6U3115CX615368   ,TRAVESIAS,,LJ465QR1E1 C03323652 ,PLATA,2012
91,GA6380SE4/J9FN-84,GONOW,KOMBI,INCAPOWER EIGHT,,,LCR6U3117CX615405   ,TRAVESIAS,,LJ465QR1E1 C03323542 ,PLATA,2012
92,GA6380SE4/J9FN-84,GONOW,KOMBI,INCAPOWER EIGHT,,,LCR6U3119CX552470   ,TRAVESIAS,,LJ465QR1E1 C03322335 ,PLATA,2012
93,GA6380SE4/J9FN-84,GONOW,KOMBI,INCAPOWER EIGHT,,,LCR6U3114CX615359   ,TRAVESIAS,,LJ465QR1E1 C03323551 ,PLATA,2012
94,GA6380SE4/J9FN-84,GONOW,KOMBI,INCAPOWER EIGHT,,,LCR6U3116CX552488   ,TRAVESIAS,,LJ465QR1E1 C03322346 ,PLATA,2012
95,GA6380SE4/J9FN-84,GONOW,KOMBI,INCAPOWER EIGHT,,,LCR6U3119CX552453   ,TRAVESIAS,,LJ465QR1E1 C03322271 ,PLATA,2012
96,GA6380SE4/J9FN-84,GONOW,KOMBI,INCAPOWER EIGHT,,,LCR6U311XCX552476   ,TRAVESIAS,,LJ465QR1E1 C03322350 ,PLATA,2012
97,GA6380SE4/J9FN-84,GONOW,KOMBI,INCAPOWER EIGHT,,,LCR6U3114CX615362   ,TRAVESIAS,,LJ465QR1E1 C03322383 ,PLATA,2012
98,GA6380SE4/J9FN-84,GONOW,KOMBI,INCAPOWER EIGHT,,,LCR6U3115CX615371   ,TRAVESIAS,,LJ465QR1E1 C03322361 ,PLATA,2012
99,GA6380SE4/J9FN-84,GONOW,KOMBI,INCAPOWER EIGHT,,,LCR6U3115CX615385   ,TRAVESIAS,,LJ465QR1E1 C03322294 ,PLATA,2012
100,GA6380SE4/J9FN-84,GONOW,KOMBI,INCAPOWER EIGHT,,,LCR6U3117CX615372   ,TRAVESIAS,,LJ465QR1E1 C03322368 ,PLATA,2012
,,,,,,,,,,,,
,,,,,,,,,,,,
,,,,,,,,,,,,
,TRASCONTINENTAL,,,,,,,,,,,
,"CARTA DE CREDITO / BCO, ",,,,,,,,,,,
,VP.    LLEGO :  ,,,,,,PEDIDO 005-12   24  UNIDADES  BAW,,,,,
,B/L  ,,MFTO.  2011- ,,,,,,,,,
,F/C ,,,,,,,,, ,,
,,,,,,,,,,,,
,CODIGO,MARCA,TIPO,MODELO,POLIZA,# ORD.,CHASIS,,,MOTOR,COLOR,AÑO
,MODELO,,,,,,,,,,,FAB.
,,,,,,,,,,,,
1,BJ1031MMT41,BAW,PICK UP,INCAPOWER DESTROYER 4X2,,,LHBM3HTE7CN407248,TRAVESIAS,,4D28TC C20313060A,PLATA,2012
2,BJ1031MMT41,BAW,PICK UP,INCAPOWER DESTROYER 4X2,,,LHBM3HTE9CN407249,TRAVESIAS,,4D28TC C20313058A,PLATA,2012
3,BJ1031MMT41,BAW,PICK UP,INCAPOWER DESTROYER 4X2,,,LHBM3HTE5CN407250,TRAVESIAS,,4D28TC C20313099A,PLATA,2012
4,BJ1031MMT41,BAW,PICK UP,INCAPOWER DESTROYER 4X2,,,LHBM3HTE7CN407251,TRAVESIAS,,4D28TC C20313062A,PLATA,2012
5,BJ1031MMT41,BAW,PICK UP,INCAPOWER DESTROYER 4X2,,,LHBM3HTE9CN407252,TRAVESIAS,,4D28TC C20313066A,PLATA,2012
6,BJ1031MMT41,BAW,PICK UP,INCAPOWER DESTROYER 4X2,,,LHBM3HTE0CN407253,TRAVESIAS,,4D28TC C20313084A,PLATA,2012
7,BJ1031MMT41,BAW,PICK UP,INCAPOWER DESTROYER 4X2,,,LHBM3HTE2CN407254,TRAVESIAS,,4D28TC C20311317A,PLATA,2012
8,BJ1031MMT41,BAW,PICK UP,INCAPOWER DESTROYER 4X2,,,LHBM3HTE4CN407255,TRAVESIAS,,4D28TC C20313077A,PLATA,2012
9,BJ1031MMT41,BAW,PICK UP,INCAPOWER DESTROYER 4X2,,,LHBM3HTE6CN407256,TRAVESIAS,,4D28TC C20313061A,PLATA,2012
10,BJ1031MMT41,BAW,PICK UP,INCAPOWER DESTROYER 4X2,,,LHBM3HTE8CN407257,TRAVESIAS,,4D28TC C20311338A,PLATA,2012
11,BJ1031MMT41,BAW,PICK UP,INCAPOWER DESTROYER 4X2,,,LHBM3HTEXCN407258,TRAVESIAS,,4D28TC C20311318A,BLANCO,2012
12,BJ1031MMT41,BAW,PICK UP,INCAPOWER DESTROYER 4X2,,,LHBM3HTE1CN407259,TRAVESIAS,,4D28TC C20311334A,BLANCO,2012
13,BJ1031MMT41,BAW,PICK UP,INCAPOWER DESTROYER 4X2,,,LHBM3HTE8CN407260,TRAVESIAS,,4D28TC C20311353A,VERDE,2012
14,BJ1031MMT41,BAW,PICK UP,INCAPOWER DESTROYER 4X2,,,LHBM3HTEXCN407261,TRAVESIAS,,4D28TC C20311324A,VERDE,2012
15,BJ1031MMT41,BAW,PICK UP,INCAPOWER DESTROYER 4X2,,,LHBM3HTE1CN407262,TRAVESIAS,,4D28TC C20311389A,VERDE,2012
16,BJ1031MMT41,BAW,PICK UP,INCAPOWER DESTROYER 4X2,,,LHBM3HTE3CN407263,TRAVESIAS,,4D28TC C20313054A,VERDE,2012
17,BJ1031MMT41,BAW,PICK UP,INCAPOWER DESTROYER 4X2,,,LHBM3HTE2CN407268,TRAVESIAS,,4D28TC C20313086A,NEGRO,2012
18,BJ1031MMT41,BAW,PICK UP,INCAPOWER DESTROYER 4X2,,,LHBM3HTE4CN407269,TRAVESIAS,,4D28TC C20313081A,NEGRO,2012
19,BJ1031MMT41,BAW,PICK UP,INCAPOWER DESTROYER 4X2,,,LHBM3HTE0CN407270,TRAVESIAS,,4D28TC C20310742A,NEGRO,2012
20,BJ1031MMT41,BAW,PICK UP,INCAPOWER DESTROYER 4X2,,,LHBM3HTE8CN407274,TRAVESIAS,,4D28TC C20313085A,NEGRO,2012
21,BJ1031MMT41,BAW,PICK UP,INCAPOWER DESTROYER 4X2,,,LHBM3HTE3CN407280,TRAVESIAS,,4D28TC C20313072A,ROJO,2012
22,BJ1031MMT41,BAW,PICK UP,INCAPOWER DESTROYER 4X2,,,LHBM3HTE5CN407281,TRAVESIAS,,4D28TC C20313083A,ROJO,2012
23,BJ1031MMT41,BAW,PICK UP,INCAPOWER DESTROYER 4X2,,,LHBM3HTE7CN407282,TRAVESIAS,,4D28TC C20313073A,ROJO,2012
24,BJ1031MMT41,BAW,PICK UP,INCAPOWER DESTROYER 4X2,,,LHBM3HTE9CN407283,TRAVESIAS,,4D28TC C20313052A,ROJO,2012
,,,,,,,,,,,,
,,,,,,,,,,,,
,,,,,,,,,,,,
,TRASCONTINENTAL,,,,,,,,,,,
,"CARTA DE CREDITO / BCO, ",,,,,,,,,,,
,VP.    LLEGO :  ,,,,,,PEDIDO 002-12   50  UNIDADES  BAW,,,,,
,B/L  ,,MFTO.  2011- ,,,,,,,,,
,F/C ,,,,,,,,, ,,
,,,,,,,,,,,,
,CODIGO,MARCA,TIPO,MODELO,POLIZA,# ORD.,CHASIS,,,MOTOR,COLOR,AÑO
,MODELO,,,,,,,,,,,FAB.
,,,,,,,,,,,,
1,BJ6520XBT3-15,BAW,KOMBI,INCAPOWER COMMUTER,,,LPBMBDTE6CN507057,TRAVESIAS,,YC4F90-23 F600FC00032,BLANCO,2012
2,BJ6520XBT3-15,BAW,KOMBI,INCAPOWER COMMUTER,,,LPBMBDTE8CN507058,TRAVESIAS,,YC4F90-23 F600FC00071,BLANCO,2012
3,BJ6520XBT3-15,BAW,KOMBI,INCAPOWER COMMUTER,,,LPBMBDTEXCN507059,TRAVESIAS,,YC4F90-23 F600FC00031,BLANCO,2012
4,BJ6520XBT3-15,BAW,KOMBI,INCAPOWER COMMUTER,,,LPBMBDTE6CN507060,TRAVESIAS,,YC4F90-23 F600FC00060,BLANCO,2012
5,BJ6520XBT3-15,BAW,KOMBI,INCAPOWER COMMUTER,,,LPBMBDTE8CN507061,TRAVESIAS,,YC4F90-23 F600FC00016,BLANCO,2012
6,BJ6520XBT3-15,BAW,KOMBI,INCAPOWER COMMUTER,,,LPBMBDTEXCN507062,TRAVESIAS,,YC4F90-23 F600FC00078,BLANCO,2012
7,BJ6520XBT3-15,BAW,KOMBI,INCAPOWER COMMUTER,,,LPBMBDTE1CN507063,TRAVESIAS,,YC4F90-23 F600FC00017,BLANCO,2012
8,BJ6520XBT3-15,BAW,KOMBI,INCAPOWER COMMUTER,,,LPBMBDTE3CN507064,TRAVESIAS,,YC4F90-23 F600FC00020,BLANCO,2012
9,BJ6520XBT3-15,BAW,KOMBI,INCAPOWER COMMUTER,,,LPBMBDTE5CN507065,TRAVESIAS,,YC4F90-23 F600FC00025,BLANCO,2012
10,BJ6520XBT3-15,BAW,KOMBI,INCAPOWER COMMUTER,,,LPBMBDTE7CN507066,TRAVESIAS,,YC4F90-23 F600FC00039,BLANCO,2012
11,BJ6520XBT3-15,BAW,KOMBI,INCAPOWER COMMUTER,,,LPBMBDTE9CN507067,TRAVESIAS,,YC4F90-23 F600FC00038,BLANCO,2012
12,BJ6520XBT3-15,BAW,KOMBI,INCAPOWER COMMUTER,,,LPBMBDTE0CN507068,TRAVESIAS,,YC4F90-23 F600FC00018,BLANCO,2012
13,BJ6520XBT3-15,BAW,KOMBI,INCAPOWER COMMUTER,,,LPBMBDTE2CN507069,TRAVESIAS,,YC4F90-23 F600FC00007,BLANCO,2012
14,BJ6520XBT3-15,BAW,KOMBI,INCAPOWER COMMUTER,,,LPBMBDTE9CN507070,TRAVESIAS,,YC4F90-23 F600FC00035,BLANCO,2012
15,BJ6520XBT3-15,BAW,KOMBI,INCAPOWER COMMUTER,,,LPBMBDTE0CN507071,TRAVESIAS,,YC4F90-23 F600FC00015,BLANCO,2012
16,BJ6520XBT3-15,BAW,KOMBI,INCAPOWER COMMUTER,,,LPBMBDTE3CN507081,TRAVESIAS,,YC4F90-23 F600FC00027,PLATA,2012
17,BJ6520XBT3-15,BAW,KOMBI,INCAPOWER COMMUTER,,,LPBMBDTE5CN507082,TRAVESIAS,,YC4F90-23 F600FC00097,PLATA,2012
18,BJ6520XBT3-15,BAW,KOMBI,INCAPOWER COMMUTER,,,LPBMBDTE7CN507083,TRAVESIAS,,YC4F90-23 F600FC00092,PLATA,2012
19,BJ6520XBT3-15,BAW,KOMBI,INCAPOWER COMMUTER,,,LPBMBDTE9CN507084,TRAVESIAS,,YC4F90-23 F600FC00064,PLATA,2012
20,BJ6520XBT3-15,BAW,KOMBI,INCAPOWER COMMUTER,,,LPBMBDTE0CN507085,TRAVESIAS,,YC4F90-23 F600FC00108,PLATA,2012
21,BJ6520XBT3-15,BAW,KOMBI,INCAPOWER COMMUTER,,,LPBMBDTE2CN507086,TRAVESIAS,,YC4F90-23 F600FC00063,PLATA,2012
22,BJ6520XBT3-15,BAW,KOMBI,INCAPOWER COMMUTER,,,LPBMBDTE4CN507087,TRAVESIAS,,YC4F90-23 F600FC00091,PLATA,2012
23,BJ6520XBT3-15,BAW,KOMBI,INCAPOWER COMMUTER,,,LPBMBDTE6CN507088,TRAVESIAS,,YC4F90-23 F600FC00046,PLATA,2012
24,BJ6520XBT3-15,BAW,KOMBI,INCAPOWER COMMUTER,,,LPBMBDTE8CN507089,TRAVESIAS,,YC4F90-23 F600FC00044,PLATA,2012
25,BJ6520XBT3-15,BAW,KOMBI,INCAPOWER COMMUTER,,,LPBMBDTE4CN507090,TRAVESIAS,,YC4F90-23 F600FC00080,PLATA,2012
26,BJ6520XBT3,BAW,KOMBI,INCAPOWER COMMUTER,,,LPBMBDTE6CN507107,TRAVESIAS,,YC4F90-23 F600FC00076,BLANCO,2012
27,BJ6520XBT3,BAW,KOMBI,INCAPOWER COMMUTER,,,LPBMBDTE8CN507108,TRAVESIAS,,YC4F90-23 F600FC00051,BLANCO,2012
28,BJ6520XBT3,BAW,KOMBI,INCAPOWER COMMUTER,,,LPBMBDTEXCN507109,TRAVESIAS,,YC4F90-23 F600FC00075,BLANCO,2012
29,BJ6520XBT3,BAW,KOMBI,INCAPOWER COMMUTER,,,LPBMBDTE6CN507110,TRAVESIAS,,YC4F90-23 F600FC00082,BLANCO,2012
30,BJ6520XBT3,BAW,KOMBI,INCAPOWER COMMUTER,,,LPBMBDTE8CN507111,TRAVESIAS,,YC4F90-23 F600FC00084,BLANCO,2012
31,BJ6520XBT3,BAW,KOMBI,INCAPOWER COMMUTER,,,LPBMBDTEXCN507112,TRAVESIAS,,YC4F90-23 F600FC00094,BLANCO,2012
32,BJ6520XBT3,BAW,KOMBI,INCAPOWER COMMUTER,,,LPBMBDTE1CN507113,TRAVESIAS,,YC4F90-23 F600FC00066,BLANCO,2012
33,BJ6520XBT3,BAW,KOMBI,INCAPOWER COMMUTER,,,LPBMBDTE3CN507114,TRAVESIAS,,YC4F90-23 F600FC00072,BLANCO,2012
34,BJ6520XBT3,BAW,KOMBI,INCAPOWER COMMUTER,,,LPBMBDTE5CN507115,TRAVESIAS,,YC4F90-23 F600FC00068,BLANCO,2012
35,BJ6520XBT3,BAW,KOMBI,INCAPOWER COMMUTER,,,LPBMBDTE7CN507116,TRAVESIAS,,YC4F90-23 F600FC00069,BLANCO,2012
36,BJ6520XBT3,BAW,KOMBI,INCAPOWER COMMUTER,,,LPBMBDTE9CN507117,TRAVESIAS,,YC4F90-23 F600FC00089,BLANCO,2012
37,BJ6520XBT3,BAW,KOMBI,INCAPOWER COMMUTER,,,LPBMBDTE0CN507118,TRAVESIAS,,YC4F90-23 F600FC00104,BLANCO,2012
38,BJ6520XBT3,BAW,KOMBI,INCAPOWER COMMUTER,,,LPBMBDTE2CN507119,TRAVESIAS,,YC4F90-23 F600FC00086,BLANCO,2012
39,BJ6520XBT3,BAW,KOMBI,INCAPOWER COMMUTER,,,LPBMBDTE9CN507120,TRAVESIAS,,YC4F90-23 F600FC00087,BLANCO,2012
40,BJ6520XBT3,BAW,KOMBI,INCAPOWER COMMUTER,,,LPBMBDTE0CN507121,TRAVESIAS,,YC4F90-23 F600FC00029,BLANCO,2012
41,BJ6520XBT3,BAW,KOMBI,INCAPOWER COMMUTER,,,LPBMBDT2CN507136,TRAVESIAS,,YC4F90-23 F600FC00116,PLATA,2012
42,BJ6520XBT3,BAW,KOMBI,INCAPOWER COMMUTER,,,LPBMBDTE4CN507137,TRAVESIAS,,YC4F90-23 F600FC00088,PLATA,2012
43,BJ6520XBT3,BAW,KOMBI,INCAPOWER COMMUTER,,,LPBMBDTE6CN507138,TRAVESIAS,,YC4F90-23 F600FC00107,PLATA,2012
44,BJ6520XBT3,BAW,KOMBI,INCAPOWER COMMUTER,,,LPBMBDTE8CN507139,TRAVESIAS,,YC4F90-23 F600FC00110,PLATA,2012
45,BJ6520XBT3,BAW,KOMBI,INCAPOWER COMMUTER,,,LPBMBDTE4CN507140,TRAVESIAS,,YC4F90-23 F600FC00090,PLATA,2012
46,BJ6520XBT3,BAW,KOMBI,INCAPOWER COMMUTER,,,LPBMBDTE6CN507141,TRAVESIAS,,YC4F90-23 F600FC00061,PLATA,2012
47,BJ6520XBT3,BAW,KOMBI,INCAPOWER COMMUTER,,,LPBMBDTE8CN507142,TRAVESIAS,,YC4F90-23 F600FC00083,PLATA,2012
48,BJ6520XBT3,BAW,KOMBI,INCAPOWER COMMUTER,,,LPBMBDTEXCN507143,TRAVESIAS,,YC4F90-23 F600FC00096,PLATA,2012
49,BJ6520XBT3,BAW,KOMBI,INCAPOWER COMMUTER,,,LPBMBDTE1CN507144,TRAVESIAS,,YC4F90-23 F600FC00030,PLATA,2012
50,BJ6520XBT3,BAW,KOMBI,INCAPOWER COMMUTER,,,LPBMBDTE3CN507145,TRAVESIAS,,YC4F90-23 F600FC00033,PLATA,2012
,,,,,,,,,,,,
,,,,,,,,,,,,
,TRASCONTINENTAL,,,,,,,,,,,
,"CARTA DE CREDITO / BCO, ",,,,,,,,,,,
,VP.    LLEGO :  ,,,,,,PEDIDO 006-12   30  UNIDADES  BAW,,,,,
,B/L  ,,MFTO.  2011- ,,,,,,,,,
,F/C ,,,,,,,,, ,,
,,,,,,,,,,,,
,CODIGO,MARCA,TIPO,MODELO,POLIZA,# ORD.,CHASIS,,,MOTOR,COLOR,AÑO
,MODELO,,,,,,,,,,,FAB.
,,,,,,,,,,,,
1,BJ6520XBT3-15,BAW,KOMBI,INCAPOWER COMMUTER,,,LPBMBDTE2CN507072,TRAVESIAS,,YC4F90-23 F600FC00019,BLANCO,2012
2,BJ6520XBT3-15,BAW,KOMBI,INCAPOWER COMMUTER,,,LPBMBDTE4CN507073,TRAVESIAS,,YC4F90-23 F600FC00034,BLANCO,2012
3,BJ6520XBT3-15,BAW,KOMBI,INCAPOWER COMMUTER,,,LPBMBDTE6CN507074,TRAVESIAS,,YC4F90-23 F600FC00009,BLANCO,2012
4,BJ6520XBT3-15,BAW,KOMBI,INCAPOWER COMMUTER,,,LPBMBDTE8CN507075,TRAVESIAS,,YC4F90-23 F600FC00026,BLANCO,2012
5,BJ6520XBT3-15,BAW,KOMBI,INCAPOWER COMMUTER,,,LPBMBDTEXCN507076,TRAVESIAS,,YC4F90-23 F600FC00042,BLANCO,2012
6,BJ6520XBT3-15,BAW,KOMBI,INCAPOWER COMMUTER,,,LPBMBDTE1CN507077,TRAVESIAS,,YC4F90-23 F600FC00004,BLANCO,2012
7,BJ6520XBT3-15,BAW,KOMBI,INCAPOWER COMMUTER,,,LPBMBDTE3CN507078,TRAVESIAS,,YC4F90-23 F600FC00022,BLANCO,2012
8,BJ6520XBT3-15,BAW,KOMBI,INCAPOWER COMMUTER,,,LPBMBDTE5CN507079,TRAVESIAS,,YC4F90-23 F600FC00028,BLANCO,2012
9,BJ6520XBT3-15,BAW,KOMBI,INCAPOWER COMMUTER,,,LPBMBDTE1CN507080,TRAVESIAS,,YC4F90-23 F600FC00005,BLANCO,2012
10,BJ6520XBT3-15,BAW,KOMBI,INCAPOWER COMMUTER,,,LPBMBDTE6CN507091,TRAVESIAS,,YC4F90-23 F600FC00065,PLATA,2012
11,BJ6520XBT3-15,BAW,KOMBI,INCAPOWER COMMUTER,,,LPBMBDTE8CN507092,TRAVESIAS,,YC4F90-23 F600FC00045,PLATA,2012
12,BJ6520XBT3-15,BAW,KOMBI,INCAPOWER COMMUTER,,,LPBMBDTEXCN507093,TRAVESIAS,,YC4F90-23 F600FC00073,PLATA,2012
13,BJ6520XBT3-15,BAW,KOMBI,INCAPOWER COMMUTER,,,LPBMBDTE1CN507094,TRAVESIAS,,YC4F90-23 F600FC00067,PLATA,2012
14,BJ6520XBT3-15,BAW,KOMBI,INCAPOWER COMMUTER,,,LPBMBDTE3CN507095,TRAVESIAS,,YC4F90-23 F600FC00040,PLATA,2012
15,BJ6520XBT3-15,BAW,KOMBI,INCAPOWER COMMUTER,,,LPBMBDTE5CN507096,TRAVESIAS,,YC4F90-23 F600FC00077,PLATA,2012
16,BJ6520XBT3-15,BAW,KOMBI,INCAPOWER COMMUTER,,,LPBMBDTE7CN507097,TRAVESIAS,,YC4F90-23 F600FC00103,PLATA,2012
17,BJ6520XBT3-15,BAW,KOMBI,INCAPOWER COMMUTER,,,LPBMBDTE9CN507098,TRAVESIAS,,YC4F90-23 F600FC00105,PLATA,2012
18,BJ6520XBT3-15,BAW,KOMBI,INCAPOWER COMMUTER,,,LPBMBDTE0CN507099,TRAVESIAS,,YC4F90-23 F600FC00106,PLATA,2012
19,BJ6520XBT3-15,BAW,KOMBI,INCAPOWER COMMUTER,,,LPBMBDTE3CN507100,TRAVESIAS,,YC4F90-23 F600FC00099,PLATA,2012
20,BJ6520XBT3-15,BAW,KOMBI,INCAPOWER COMMUTER,,,LPBMBDTE5CN507101,TRAVESIAS,,YC4F90-23 F600FC00085,PLATA,2012
21,BJ6520XBT3-15,BAW,KOMBI,INCAPOWER COMMUTER,,,LPBMBDTE7CN507102,TRAVESIAS,,YC4F90-23 F600FC00102,PLATA,2012
22,BJ6520XBT3-15,BAW,KOMBI,INCAPOWER COMMUTER,,,LPBMBDTE9CN507103,TRAVESIAS,,YC4F90-23 F600FC00100,PLATA,2012
23,BJ6520XBT3-15,BAW,KOMBI,INCAPOWER COMMUTER,,,LPBMBDTE0CN507104,TRAVESIAS,,YC4F90-23 F600FC00095,PLATA,2012
24,BJ6520XBT3-15,BAW,KOMBI,INCAPOWER COMMUTER,,,LPBMBDTE2CN507105,TRAVESIAS,,YC4F90-23 F600FC00062,PLATA,2012
25,BJ6520XBT3-15,BAW,KOMBI,INCAPOWER COMMUTER,,,LPBMBDTE4CN507106,TRAVESIAS,,YC4F90-23 F600FC00041,ROJO,2012
26,BJ6520XBT3,BAW,KOMBI,INCAPOWER COMMUTER,,,LPBMBDTE2CN507122,TRAVESIAS,,YC4F90-23 F600FC00043,BLANCO,2012
27,BJ6520XBT3,BAW,KOMBI,INCAPOWER COMMUTER,,,LPBMBDTE4CN507123,TRAVESIAS,,YC4F90-23 F600FC00052,BLANCO,2012
28,BJ6520XBT3,BAW,KOMBI,INCAPOWER COMMUTER,,,LPBMBDTE6CN507124,TRAVESIAS,,YC4F90-23 F600FC00093,BLANCO,2012
29,BJ6520XBT3,BAW,KOMBI,INCAPOWER COMMUTER,,,LPBMBDTE8CN507125,TRAVESIAS,,YC4F90-23 F600FC00081,BLANCO,2012
30,BJ6520XBT3,BAW,KOMBI,INCAPOWER COMMUTER,,,LPBMBDTEXCN507126,TRAVESIAS,,YC4F90-23 F600FC00059,BLANCO,2012
,,,,,,,,,,,,
,,,,,,,,,,,,
,,,,,,,,,,,,
,TRASCONTINENTAL,,,,,,,,,,,
,"CARTA DE CREDITO / BCO, CREDITO",,,,,,,,,,,
,VP. MSC CANDICE   LLEGO :  ,,,,,,PEDIDO 004-12   12  UNIDADES  FORLAND,,,,,
,B/L  SHZ1306688,,MFTO.  2011- ,,,,,,,,,
,F/C FT12025PE ,10.04.12,,,,,,,, ,,
,,,,,,,,,,,,
,CODIGO,MARCA,TIPO,MODELO,POLIZA,# ORD.,CHASIS,,,MOTOR,COLOR,AÑO
,MODELO,,,,,,,,,,,FAB.
,,,,,,,,,,,,
1,BJ3062V3PDB-B2,FORLAND,VOLQUETE,INCAPOWER FD60,,,LVBV3PBB0CN019100,TRAVESIAS,,CY4102BZQ 12047517,ROJO,2012
2,BJ3062V3PDB-B2,FORLAND,VOLQUETE,INCAPOWER FD60,,,LVBV3PBB6CN019098,TRAVESIAS,,CY4102BZQ 12047518,ROJO,2012
3,BJ3062V3PDB-B2,FORLAND,VOLQUETE,INCAPOWER FD60,,,LVBV3PBB3CN019110,TRAVESIAS,,CY4102BZQ 12047520,AZUL,2012
4,BJ3062V3PDB-B2,FORLAND,VOLQUETE,INCAPOWER FD60,,,LVBV3PBB7CN019109,TRAVESIAS,,CY4102BZQ 12047519,BLANCO,2012
5,BJ3062V3PDB-B2,FORLAND,VOLQUETE,INCAPOWER FD60,,,LVBV3PBB4CN019116,TRAVESIAS,,CY4102BZQ 12047526,AZUL,2012
6,BJ3062V3PDB-B2,FORLAND,VOLQUETE,INCAPOWER FD60,,,LVBV3PBB2CN019101,TRAVESIAS,,CY4102BZQ 12047521,BLANCO,2012
7,BJ3062V3PDB-B2,FORLAND,VOLQUETE,INCAPOWER FD60,,,LVBV3PBB8CN019099,TRAVESIAS,,CY4102BZQ 12047516,ROJO,2012
8,BJ3062V3PDB-B2,FORLAND,VOLQUETE,INCAPOWER FD60,,,LVBV3PBB5CN019111,TRAVESIAS,,CY4102BZQ 12047525,AZUL,2012
9,BJ3062V3PDB-B2,FORLAND,VOLQUETE,INCAPOWER FD60,,,LVBV3PBB6CN019103,TRAVESIAS,,CY4102BZQ 12047523,BLANCO,2012
10,BJ3062V3PDB-B2,FORLAND,VOLQUETE,INCAPOWER FD60,,,LVBV3PBB4CN019102,TRAVESIAS,,CY4102BZQ 12047522,BLANCO,2012
11,BJ3062V3PDB-B2,FORLAND,VOLQUETE,INCAPOWER FD60,,,LVBV3PBB2CN019096,TRAVESIAS,,CY4102BZQ 12047515,AMARILLO,2012
12,BJ3062V3PDB-B2,FORLAND,VOLQUETE,INCAPOWER FD60,,,LVBV3PBB4CN019097,TRAVESIAS,,CY4102BZQ 12047524,ROJO,2012
