,SALDO INICIAL 2011,,,,,,,,,,,,,,,,,,,,,
,,,,,,,,,,,,,,,,,,,,,,
,,,,,,,,,,,,,,,,,,,,,,
,"CARTA DE CREDITO / BCO, CREDITO",,,,,,,,,,,,,,,,,,,,,
,VP.   :  ANDINO  LLEGO  22.02.10,,,,,,PRODUCCION DICIEMBRE -2009   05  UNIDADES  (2do. PARCIAL)   INDONESIA,,,,,,,,,,,,,,,
,B/L  NYKS940004138,,,,,,,,,,,,,,,,,,,,,
,C2WE-09-2407-112L-02,,17.12.09,,,,,,,,,,,,,,,,,,,
,,,,,,,,,,,,,,,,,,,,,,
,VERSION,,SPEC,MODELO,POLIZA,# ORD.,CHASIS,,MOTOR,COLOR,F/LLEG,TRANSM.,,,,,,,,,,TALLER
,,,,,,,,,,,,,,,,,,,,,,
2,MEC,,NB,TERIOS LONG,46628,3951,MHKG2CN20AK000414,,3SZ DBK8392,ROJO VINO,,,,,,,,,,,,
3,AUTOM,,NE,TERIOS LONG,46556,3952,MHKG2CP20AK000288,W,3SZ DBK6740,NEGRO,,,,,,,,,,,,
4,AUTOM,,NE,TERIOS LONG,46560,3953,MHKG2CP20AK000289,,3SZ DBK4693,ROJO VINO,,,,,,,,,,,,
,,,,,,,,,,,,,,,,,,,,,,
,"CARTA DE CREDITO / BCO, CREDITO",,,,,,,,,,,,,,,,,,,,,
,VP.   :  ANDINO  LLEGO  22.02.10,,,,,,PRODUCCION ENERO -2010   06 UNIDADES  (1ER. PARCIAL)   INDONESIA,,,,,,,,,,,,,,,
,B/L  NYKS940004139,,,,,,,,,,,,,,,,,,,,,
,C2WE-10-2407-101L-01,,14.01.10,,,,,,,,,,,,,,,,,,,
,,,,,,,,,,,,,,,,,,,,,,
,VERSION,,SPEC,MODELO,POLIZA,# ORD.,CHASIS,,MOTOR,COLOR,F/LLEG,TRANSM.,,,,,,,,,,TALLER
,,,,,,,,,,,,,,,,,,,,,,
5,MEC,,NB,TERIOS LONG,46591,3959,MHKG2CN20AK000421,,3SZ DBL3474,PLATA,,,,,,,,,,,,
,,,,,,,,,,,,,,,,,,,,,,
,"CARTA DE CREDITO / BCO, CREDITO",,,,,,,,,,,,,,,,,,,,,
,VP.   :  ZEUS LEADER  LLEGO  22.03.10,,,,,,PRODUCCION ENERO -2010   04 UNIDADES  (2DO. PARCIAL)   INDONESIA,,,,,,,,,,,,,,,
,B/L  KKLUJKT224362,,,,,,,,,,,,,,,,,,,,,
,C2WE-10-2407-101L-02,,12.02.10,,,,,,,,,,,,,,,,,,,
,,,,,,,,,,,,,,,,,,,,,,
,VERSION,,SPEC,MODELO,POLIZA,# ORD.,CHASIS,,MOTOR,COLOR,F/LLEG,TRANSM.,,,,,,,,,,TALLER
,,,,,,,,,,,,,,,,,,,,,,
2,MEC,,NB,TERIOS LONG,78943,4608,MHKG2CN20AK000426,,3SZ DBL3570,BEIGE,,,,,,,,,,,,
,,,,,,,,,,,,,,,,,,,,,,
,"CARTA DE CREDITO / BCO, CREDITO",,,,,,,,,,,,,,,,,,,,,
,VP.   :  CSAV RIO GREY LLEGO  21.04.10,,,,,,PRODUCCION FEBRERO -2010   16 UNIDADES  (2DO. PARCIAL)   INDONESIA,,,,,,,,,,,,,,,
,B/L  NYKS940004250,,,,,,,,,,,,,,,,,,,,,
,C2WE-10-2407-102L-02,,11.03.10,,,,,,,,,,,,,,,,,,,
,,,,,,,,,,,,,,,,,,,,,,
,VERSION,,SPEC,MODELO,POLIZA,# ORD.,CHASIS,,MOTOR,COLOR,F/LLEG,TRANSM.,,,,,,,,,,TALLER
,,,,,,,,,,,,,,,,,,,,,,
10,AUTOMAT,,NE,TERIOS LONG,114477,8493,MHKG2CP20AK000292,,3SZ DBL9933,ROJO VINO,,,,,,,,,,,,
11,AUTOMAT,,NE,TERIOS LONG,114478,8494,MHKG2CP20AK000293,,3SZ DBM3356,PLATA,,,,,,,,,,,,
,,,,,,,,,,,,,,,,,,,,,,
,,,,,,,,,,,,,,,,,,,,,,
,"CARTA DE CREDITO / BCO, SCOTIABANK",,,,,,,,,,,,,,,,,,,,,
,VP.   :  CSAV RIO GREY LLEGO  21.04.10,,,,,,PRODUCCION MARZO -2010   10 UNIDADES  INDONESIA,,,,,,,,,,,,,,,
,B/L  NYKS940004251,,,,,,,,,,,,,,,,,,,,,
,C2WE-10-2407-103L-01,,11.03.10,,,,,,,,,,,,,,,,,,,
,,,,,,,,,,,,,,,,,,,,,,
,VERSION,,SPEC,MODELO,POLIZA,# ORD.,CHASIS,,MOTOR,COLOR,F/LLEG,TRANSM.,,,,,,,,,,TALLER
,,,,,,,,,,,,,,,,,,,,,,
6,MECAN,,NB,TERIOS LONG,114481,6803,MHKG2CN20AK000445,,3SZ DBM7900,NEGRO,,,,,,,,,,,,
10,MECAN,,NB,TERIOS LONG,114501,6807,MHKG2CN20AK000449,,3SZ DBM8332,PLATA,,,,,,,,,,,,
,,,,,,,,,,,,,,,,,,,,,,
,,,,,,,,,,,,,,,,,,,,,,
,"CARTA DE CREDITO / BCO, CREDITO",,,,,,,,,,,,,,,,,,,,,
,VP.   :  CENTAURUS LEADER  LLEGO:  V23.06.10,,,,,,PRODUCCION ABRIL -2010   10 UNIDADES  INDONESIA ,,,,,,,,,,,,,,,
,B/L  NYKS940004371,,,,,,,,,,,,,,,,,,,,,
,C2WE-102407-104L-01,,14.05.10,,,,,,,,,,,,,,,,,,,
,,,,,,,,,,,,,,,,,,,,,,
,VERSION,,SPEC,MODELO,POLIZA,# ORD.,CHASIS,,MOTOR,COLOR,F/LLEG,TRANSM.,,,,,,,,,,TALLER
,,,,,,,,,,,,,,,,,,,,,,
5,LUXURY,,RA,TERIOS LONG,185622,13320,MHKG2CP40AK002549,,3SZ DBN8344,ROJO VINO,,,,,,,,,,,,
9,LUXURY,,RA,TERIOS LONG,185630,13324,MHKG2CP40AK002559,,3SZ DBN7835,ROJO VINO,,,,,,,,,,,,
,,,,,,,,,,,,,,,,,,,,,,
,,,,,,,,,,,,,,,,,,,,,,
,,,,,,,,,,,,,,,,,,,,,,
,"CARTA DE CREDITO / BCO, INTERBANK",,,,,,,,,,,,,,,,,,,,,
,VP.   :  CENTAURUS LEADER  LLEGO:  23.06.10,,,,,,PRODUCCION MAYO-2010   14 UNIDADES  JAPON ,,,,,,,,,,,,,,,
,B/L  NYKS180725400,,,,,,,,,,,,,,,,,,,,,
,TM343050,,21.05.10,,,,,,,,,,,,,,,,,,,
,,,,,,,,,,,,,,,,,,,,,,
,VERSION,,SPEC,MODELO,POLIZA,# ORD.,CHASIS,,MOTOR,COLOR,F/LLEG,TRANSM.,,,,,,,,,,TALLER
,,,,,,,,,,,,,,,,,,,,,,
5,ALLOY 10,,T2PB7,TERIOS,185610,13652,JDAJ200G0B1026830,,3SZ 2536721,VERDE BRIT,,,,,,,,,,,,
8,ALLOY 10,,T2PB7,TERIOS,185605,13655,JDAJ200G0B1026855,,3SZ 2536605,ROJO,,,,,,,,,,,,
,"CARTA DE CREDITO / BCO, CREDITO",,,,,,,,,,,,,,,,,,,,,
,VP.   :  CENTAURUS LEADER  LLEGO:  23.06.10,,,,,,PRODUCCION MAYO-2010   02 UNIDADES  INDONESIA (1ER. PARCIAL),,,,,,,,,,,,,,,
,B/L  NYKS940004372,,,,,,,,,,,,,,,,,,,,,
,C2WE-10-2407-105L-01,,14.05.10,,,,,,,,,,,,,,,,,,,
,,,,,,,,,,,,,,,,,,,,,,
,VERSION,,SPEC,MODELO,POLIZA,# ORD.,CHASIS,,MOTOR,COLOR,F/LLEG,TRANSM.,,,,,,,,,,TALLER
,,,,,,,,,,,,,,,,,,,,,,
2,MECANICA,,NB,TERIOS LONG,185579,13420,MHKG2CN20AK000452,,3SZ DBM8690,NEGRO,,,,,,,,,,,,
,,,,,,,,,,,,,,,,,,,,,,
,,,,,,,,,,,,,,,,,,,,,,
,,,,,,,,,,,,,,,,,,,,,,
,"CARTA DE CREDITO / BCO, CREDITO",,,,,,,,,,,,,,,,,,,,,
,VP.   :  ATLANTIC HIGHWAY LLEGO:  21.07.10,,,,,,PRODUCCION JUNIO -2010   15 UNIDADES JAPON ,,,,,,,,,,,,,,,
,B/L  KKLUJPN369918,,,,,,,,,,,,,,,,,,,,,
,TM345230,,18.06.10,,,,,,,,,,,,,,,,,,,
,,,,,,,,,,,,,,,,,,,,,,
,VERSION,,SPEC,MODELO,POLIZA,# ORD.,CHASIS,,MOTOR,COLOR,F/LLEG,TRANSM.,,,,,,,,,,TALLER
,,,,,,,,,,,,,,,,,,,,,,
1,ALLOY 10,,T2PB7,TERIOS,219118,15974,JDAJ200G0B1027193,,3SZ 2541051,NEGRO,AÑO MODELO,,,,,,,,,,,
5,ALLOY 10,,T2PB7,TERIOS,219126,16079,JDAJ200G0B1027283,,3SZ 2543484,ROJO,,,,,,,,,,,,
,,,,,,,,,,,,,,,,,,,,,,
,"CARTA DE CREDITO / BCO, CREDITO",,,,,,,,,,,,,,,,,,,,,
,VP.   :  PLEIADES LEADER  LLEGO:  22.08.10  ,,,,,,PRODUCCION MAYO-2010   06 UNIDADES INDONESIA  2DO. PARCIAL ,,,,,,,,,,,,,,,
,B/L  KKLUJKT231454,,,,,,,,,,,,,,,,,,,,,
,C2WE-10-2407-105L-02,,02.06.10,,,,,,,,,,,,,,,,,,,
,,,,,,,,,,,,,,,,,,,,,,
,VERSION,,SPEC,MODELO,POLIZA,# ORD.,CHASIS,,MOTOR,COLOR,F/LLEG,TRANSM.,,,,,,,,,,TALLER
,,,,,,,,,,,,,,,,,,,,,,
6,NB,,D2430,TERIOS LONG,262986,13647,MHKG2CN20AK000461,,3SZ DBP9773,PLATA,,,,,,,,,,,,
,,,,,,,,,,,,,,,,,,,,,,
,,,,,,,,,,,,,,,,,,,,,,
,"CARTA DE CREDITO / BCO, CREDITO",,,,,,,,,,,,,,,,,,,,,
,VP.   :  CS CCASIA  LLEGO:  06.08.10,,,,,,PRODUCCION MAYO-2010   02 UNIDADES  INDONESIA (3ER. PARCIAL),,,,,,,,,,,,,,,
,B/L  NYKS940004494,,,,,,,,,,,,,,,,,,,,,
,C2WE-10-2407-105L-03,,02.07.10,,,,,,,,,,,,,,,,,,,
,,,,,,,,,,,,,,,,,,,,,,
,VERSION,,SPEC,MODELO,POLIZA,# ORD.,CHASIS,,MOTOR,COLOR,F/LLEG,TRANSM.,,,,,,,,,,TALLER
,,,,,,,,,,,,,,,,,,,,,,
1,F700LG-GMDF         ,,NB,TERIOS LONG,240328,16362,MHKG2CN20AK000464,,3SZ DBR4324,NEGRO,,,,,,,,,,,,
,,,,,,,,,,,,,,,,,,,,,,
,,,,,,,,,,,,,,,,,,,,,,
,,,,,,,,,,,,,,,,,,,,,,
,,,,,,,,,,,,,,,,,,,,,,
,"CARTA DE CREDITO / BCO, CREDITO",,,,,,,,,,,,,,,,,,,,,
,VP.   :  CS CCASIA  LLEGO:  06.08.10,,,,,,PRODUCCION JUNIO -2010   08 UNIDADES  INDONESIA   (1ER. PARCIAL),,,,,,,,,,,,,,,
,B/L  NYKS940004495,,,,,,,,,,,,,,,,,,,,,
,C2WE-10-2407-106L-01,,02.07.10,,,,,,,,,,,,,,,,,,,
,,,,,,,,,,,,,,,,,,,,,,
,VERSION,,SPEC,MODELO,POLIZA,# ORD.,CHASIS,,MOTOR,COLOR,F/LLEG,TRANSM.,,,,,,,,,,TALLER
,,,,,,,,,,,,,,,,,,,,,,
3,F700LG-GMDF         ,,NB,TERIOS LONG,240705,,MHKG2CN20AK000465,,3SZ DBR2503,NEGRO,,,,,,,,,,,,
4,F700LG-GMDF         ,,NB,TERIOS LONG,240730,,MHKG2CN20AK000470,,3SZ DBR6622,NEGRO,,,,,,,,,,,,
,,,,,,,,,,,,,,,,,,,,,,
,,,,,,,,,,,,,,,,,,,,,,
,,,,,,,,,,,,,,,,,,,,,,
,,,,,,,,,,,,,,,,,,,,,,
,"CARTA DE CREDITO / BCO, SCOTIBANK",,,,,,,,,,,,,,,,,,,,,
,VP.   :  ARTEMIS LEADER  LLEGO:  27.08.10,,,,,,PRODUCCION JULIO -2010   10 UNIDADES  JAPON,,,,,,,,,,,,,,,
,B/L  NYKS180744075,,,,,,,,,,,,,,,,,,,,,
,TM348000,,26.07.10,,,,,,,,,,,,,,,,,,,
,,,,,,,,,,,,,,,,,,,,,,
,VERSION,,SPEC,MODELO,POLIZA,# ORD.,CHASIS,,MOTOR,COLOR,F/LLEG,TRANSM.,,,,,,,,,,TALLER
,,,,,,,,,,,,,,,,,,,,,,
2,ALLOY 10,,T2PW4,TERIOS,263245,18447,JDAJ200G0B1027581,,3SZ 2543448,ROJO,,,,,,,,,,,,
,,,,,,,,,,,,,,,,,,,,,,
,,,,,,,,,,,,,,,,,,,,,,
,"CARTA DE CREDITO / BCO, SCOTIABANK",,,,,,,,,,,,,,,,,,,,,
,VP.   :  OREGON HIGHWAY  LLEGO:  21.09.10,,,,,,PRODUCCION AGOSTO -2010   12 UNIDADES  JAPON,,,,,,,,,,,,,,,
,B/L  KKLUJPN371784,,,,,,,,,,,,,,,,,,,,,
,TM350120,,23.08.10,,,,,,,,,,,,,,,,,,,
,,,,,,,,,,,,,,,,,,,,,,
,VERSION,,SPEC,MODELO,POLIZA,# ORD.,CHASIS,,MOTOR,COLOR,F/LLEG,TRANSM.,,,,,,,,,,TALLER
,,,,,,,,,,,,,,,,,,,,,,
1,ALLOY 10,,T2PW4,TERIOS,306084,19623,JDAJ200G0B1027949,,3SZ 2551078,BEIGE,,,,,,,,,,,,
2,ALLOY 10,,T2PW4,TERIOS,306087,19624,JDAJ200G0B1027957,,3SZ 2551022,VERDE BRITANICO,,,,,,,,,,,,
3,ALLOY 10,,T2PW4,TERIOS,306091,19625,JDAJ200G0B1027985,N,3SZ 2543501,ROJO,,,,,,,,,,,,
,,,,,,,,,,,,,,,,,,,,,,
,,,,,,,,,,,,,,,,,,,,,,
,,,,,,,,,,,,,,,,,,,,,,
,"CARTA DE CREDITO / BCO, CREDITO",,,,,,,,,,,,,,,,,,,,,
,VP.   :  ZENITH LEADER  LLEGO:  25.10.10,,,,,,PRODUCCION SETIEMBRE -2010   20 UNIDADES  JAPON,,,,,,,,,,,,,,,
,B/L  NYKS180761806,,,,,,,,,,,,,,,,,,,,,
,TM353150,,22.09.10,,,,,,,,,,,,,,,,,,,
,,,,,,,,,,,,,,,,,,,,,,
,VERSION,,SPEC,MODELO,POLIZA,# ORD.,CHASIS,,MOTOR,COLOR,F/LLEG,TRANSM.,,,,,,,,,,TALLER
,,,,,,,,,,,,,,,,,,,,,,
1,ALLOY 10,,T2PW4,TERIOS,357662,10-014928,JDAJ200G0B1028336,,3SZ 2553154,VERDE,,,,,,,,,,,,
2,ALLOY 10,,T2PW4,TERIOS,357625,10-014929,JDAJ200G0B1028342,,3SZ 2553136,ROJO,,,,,,,,,,,,
4,ALLOY 10,,T2PW4,TERIOS,357648,10-014931,JDAJ200G0B1028363,,3SZ 2553117,BEIGE,,,,,,,,,,,,
8,ALLOY 10,,T2PW4,TERIOS,357647,10-014935,JDAJ200G0B1028397,,3SZ 2592801,PLATA,,,,,,,,,,,,
9,ALLOY 10,,T2PW4,TERIOS,357641,10-014936,JDAJ200G0B1028408,,3SZ 2591552,ROJO,,,,,,,,,,,,
,,,,,,,,,,,,,,,,,,,,,,
,,,,,,,,,,,,,,,,,,,,,,
,"CARTA DE CREDITO / BCO, SCOTIABANK",,,,,,,,,,,,,,,,,,,,,
,VP.   :  OREGON HIGHWAY  LLEGO:  21.09.10,,,,,,PRODUCCION AGOSTO -2010   12 UNIDADES  JAPON,,,,,,,,,,,,,,,
,B/L  KKLUJPN371784,,,,,,,,,,,,,,,,,,,,,
,TM350120,,23.08.10,,,,,,,,,,,,,,,,,,,
,,,,,,,,,,,,,,,,,,,,,,
,VERSION,,SPEC,MODELO,POLIZA,# ORD.,CHASIS,,MOTOR,COLOR,F/LLEG,TRANSM.,,,,,,,,,,TALLER
,,,,,,,,,,,,,,,,,,,,,,
12,SAFETY 10 autom,,T2PX3,TERIOS,306089,19634,JDAJ210G0B1117003,,3SZ 2567927,NEGRO,,,,,,,,,,,,
,,,,,,,,,,,,,,,,,,,,,,
,"CARTA DE CREDITO / BCO, SCOTIBANK",,,,,,,,,,,,,,,,,,,,,
,VP.   :  ARTEMIS LEADER  LLEGO:  27.08.10,,,,,,PRODUCCION JULIO -2010   10 UNIDADES  JAPON,,,,,,,,,,,,,,,
,B/L  NYKS180744075,,,,,,,,,,,,,,,,,,,,,
,TM348000,,26.07.10,,,,,,,,,,,,,,,,,,,
,,,,,,,,,,,,,,,,,,,,,,
,VERSION,,SPEC,MODELO,POLIZA,# ORD.,CHASIS,,MOTOR,COLOR,F/LLEG,TRANSM.,,,,,,,,,,TALLER
,,,,,,,,,,,,,,,,,,,,,,
10,SAFETY 10,,T2PX3,TERIOS,263237,18455,JDAJ210G0B1116600,,3SZ 2567954,PLATA,,,,,,,,,,,,
,,,,,,,,,,,,,,,,,,,,,,
,"CARTA DE CREDITO / BCO, CREDITO",,,,,,,,,,,,,,,,,,,,,
,VP.   :  ZENITH LEADER  LLEGO:  25.10.10,,,,,,PRODUCCION SETIEMBRE -2010   20 UNIDADES  JAPON,,,,,,,,,,,,,,,
,B/L  NYKS180761806,,,,,,,,,,,,,,,,,,,,,
,TM353150,,22.09.10,,,,,,,,,,,,,,,,,,,
,,,,,,,,,,,,,,,,,,,,,,
,VERSION,,SPEC,MODELO,POLIZA,# ORD.,CHASIS,,MOTOR,COLOR,F/LLEG,TRANSM.,,,,,,,,,,TALLER
,,,,,,,,,,,,,,,,,,,,,,
16,SAFETY 10,,T2PW9,TERIOS,357655,10-014943,JDAJ210G0B1117948,,3SZ 2553163,VERDE,,,,,,,,,,,,
17,SAFETY 10,,T2PW9,TERIOS,357616,10-014944,JDAJ210G0B1118032,,3SZ 2553110,ROJO,,,,,,,,,,,,
,,,,,,,,,,,,,,,,,,,,,,
,,,,,,,,,,,,,,,,,,,,,,
,,,,,,,,,,,,,,,,,,,,,,
,"CARTA DE CREDITO / BCO, CREDITO",,,,,,,,,,,,,,,,,,,,,
,VP.   :  BALTIMORE HIGHWAY  LLEGO:  26.01.11,,,,,,PRODUCCION OCTUBRE -2010   20 UNIDADES  JAPON,,,,,,,,,,,,,,,
,B/L  KKLUJPN375138,,,,,,,,,,,,,,,,,,,,,
,TM360700,,22.12.10,,,,,,,,,,,,,,,,,,,
,,,,,,,,,,,,,,,,,,,,,,
,VERSION,,SPEC,MODELO,POLIZA,# ORD.,CHASIS,,MOTOR,COLOR,AÑO ,TRANSM.,,,,,,,,,,FAB.
,,,,,,,,,,,,,,,,,,,,,,
1,BASIC 10,,AUTOM.,TERIOS 4X2,26873,122871,JDAJ200G0B1028770,,3SZ 2616050,GRIS,2010,,,,,,,,,,,
2,BASIC 10,,AUTOM.,TERIOS 4X2,26877,122872,JDAJ200G0B1028778,,3SZ 2616049,NEGRO,2010,,,,,,,,,,,
3,BASIC 10,,AUTOM.,TERIOS 4X2,26890,122873,JDAJ200G0B1028797,,3SZ 2616035,VERDE BRITANICO,2010,,,,,,,,,,,
4,BASIC 10,,AUTOM.,TERIOS 4X2,26872,122874,JDAJ200G0B1028811,,3SZ 2616052,BEIGE,2010,,,,,,,,,,,
5,BASIC 10,,AUTOM.,TERIOS 4X2,26881,122875,JDAJ200G0B1028822,,3SZ 2616029,ROJO,2010,,,,,,,,,,,
6,BASIC 10,,AUTOM.,TERIOS 4X2,26879,122876,JDAJ200G0B1028825,REEMBOLSO,3SZ 2627708,PLATA,2010,,,,,,,,,,,
7,BASIC 10,,AUTOM.,TERIOS 4X2,26876,122877,JDAJ200G0B1028846,REEMBOLSO,3SZ 2627710,GRIS,2010,,,,,,,,,,,
8,SAFETY 10,,MEC.,TERIOS 4X4,26884,122878,JDAJ210G0B1118621,,3SZ 2578932,GRIS,2010,,,,,,,,,,,
9,SAFETY 10,,MEC.,TERIOS 4X4,26904,122879,JDAJ210G0B1118636,,3SZ 2595749,VERDE BRITANICO,2010,,,,,,,,,,,
10,SAFETY 10,,MEC.,TERIOS 4X4,26874,122880,JDAJ210G0B1118639,,3SZ 2595696,ROJO,2010,,,,,,,,,,,
11,SAFETY 10,,MEC.,TERIOS 4X4,26880,122881,JDAJ210G0B1118660,,3SZ 2595743,BEIGE,2010,,,,,,,,,,,
12,SAFETY 10,,MEC.,TERIOS 4X4,2882,122882,JDAJ210G0B1118668,REEMBOLSO,3SZ 2595651,PLATA,2010,,,,,,,,,,,
13,SAFETY 10,,MEC.,TERIOS 4X4,26889,122883,JDAJ210G0B1118669,,3SZ 2595725,NEGRO,2010,,,,,,,,,,,
14,SAFETY 10,,MEC.,TERIOS 4X4,26885,122884,JDAJ210G0B1118695,,3SZ 2592821,GRIS,2010,,,,,,,,,,,
15,SAFETY 10,,MEC.,TERIOS 4X4,26875,122885,JDAJ210G0B1118700,,3SZ 2611011,PLATA,2010,,,,,,,,,,,
16,SAFETY 10,,AUTOM.,TERIOS 4X4,26891,122886,JDAJ210G0B1118625,,3SZ 2616064,NEGRO,2010,,,,,,,,,,,
17,SAFETY 10,,AUTOM.,TERIOS 4X4,26894,122887,JDAJ210G0B1118687,,3SZ 2627822,ROJO,2010,,,,,,,,,,,
18,SAFETY 10,,AUTOM.,TERIOS 4X4,26888,122888,JDAJ210G0B1118694,,3SZ 2627727,PLATA,2010,,,,,,,,,,,
19,SAFETY 10,,AUTOM.,TERIOS 4X4,26892,122889,JDAJ210G0B1118704,,3SZ 2627704,BEIGE,2010,,,,,,,,,,,
20,SAFETY 10,,AUTOM.,TERIOS 4X4,26887,122890,JDAJ210G0B1118736,,3SZ 2627380,GRIS,2010,,,,,,,,,,,
,,,,,,,,,,,,,,,,,,,,,,
,,,,,,,,,,,,,,,,,,,,,,
,,,,,,,,,,,,,,,,,,,,,,
,"CARTA DE CREDITO / BCO, SCOTIABANK",,,,,,,,,,,,,,,,,,,,,
,VP.   :  CHANG TAI HONG  LLEGO:  16.02.11 ,,,,,,PRODUCCION  OCTUBRE    -2010   20 UNIDADES  INDONESIA,,,,,,,,,,,,,,,
,B/L  KKLUJKT242473,,,,,,,,,,,,,,,,,,,,,
,C2WE-10-2407-110L-01,,28.01.11,,,,,,,,,,,,,,,,,,,
,,,,,,,,,,,,,,,,,,,,,,
,VERSION,,SPEC,MODELO,POLIZA,# ORD.,CHASIS,,MOTOR,COLOR,AÑO,TRANSM.,,,,,,,,,,FAB.
,,,,,,,,,,,,,,,,,,,,,,
1,MECANICA,,ZQ,TERIOS LONG,58822,125336,MHKG2CN20BK000480,,3SZ DBN7993,BEIGE,2010,,,,,,,,,,,
2,MECANICA,,ZQ,TERIOS LONG,58801,125337,MHKG2CN20BK000481,,3SZ DBU7592,GRIS,2010,,,,,,,,,,,
3,MECANICA,,ZQ,TERIOS LONG,58812,125338,MHKG2CN20BK000482,,3SZ DBN8004,MARRON PARDO,2010,,,,,,,,,,,
4,MECANICA,,ZQ,TERIOS LONG,58806,125339,MHKG2CN20BK000483,,3SZ DBU7596,NEGRO,2010,,,,,,,,,,,
5,MECANICA,,ZQ,TERIOS LONG,58802,125340,MHKG2CN20BK000484,,3SZ DBU7579,PLATA,2010,,,,,,,,,,,
6,MECANICA,,ZQ,TERIOS LONG,58803,125341,MHKG2CN20BK000485,,3SZ DBU8246,BEIGE,2010,,,,,,,,,,,
7,MECANICA,,ZQ,TERIOS LONG,58800,125342,MHKG2CN20BK000486,,3SZ DBV0027,GRIS,2010,,,,,,,,,,,
8,MECANICA,,ZQ,TERIOS LONG,58811,125343,MHKG2CN20BK000487,,3SZ DBU7930,MARRON PARDO,2010,,,,,,,,,,,
9,MECANICA,,ZQ,TERIOS LONG,58804,125344,MHKG2CN20BK000488,,3SZ DBV4204,NEGRO,2010,,,,,,,,,,,
10,MECANICA,,ZQ,TERIOS LONG,58799,125345,MHKG2CN20BK000489,,3SZ DBV2878,PLATA,2010,,,,,,,,,,,
11,AUTOMATICA,,LUXURY,TERIOS LONG,58814,125346,MHKG2CP40BK002620,,3SZ DBS3860,BEIGE,2010,,,,,,,,,,,
12,AUTOMATICA,,LUXURY,TERIOS LONG,58813,125347,MHKG2CP40BK002621,,3SZ DBS2404,NEGRO,2010,,,,,,,,,,,
13,AUTOMATICA,,LUXURY,TERIOS LONG,58809,125348,MHKG2CP40BK002622,,3SZ DBS6468,GRIS,2010,,,,,,,,,,,
14,AUTOMATICA,,LUXURY,TERIOS LONG,58816,125349,MHKG2CP40BK002623,,3SZ DBS6365,MARRON PARDO,2010,,,,,,,,,,,
15,AUTOMATICA,,LUXURY,TERIOS LONG,58807,125350,MHKG2CP40BK002624,,3SZ DBU7577,PLATA,2010,,,,,,,,,,,
16,AUTOMATICA,,LUXURY,TERIOS LONG,58810,125351,MHKG2CP40BK002625,,3SZ DBU7576,BEIGE,2010,,,,,,,,,,,
17,AUTOMATICA,,LUXURY,TERIOS LONG,58805,125352,MHKG2CP40BK002626,,3SZ DBU7598,GRIS,2010,,,,,,,,,,,
18,AUTOMATICA,,LUXURY,TERIOS LONG,58815,125353,MHKG2CP40BK002627,,3SZ DBU7971,MARRON PARDO,2010,,,,,,,,,,,
19,AUTOMATICA,,LUXURY,TERIOS LONG,58817,125354,MHKG2CP40BK002628,,3SZ DBV0036,NEGRO,2010,,,,,,,,,,,
20,AUTOMATICA,,LUXURY,TERIOS LONG,58808,125355,MHKG2CP40BK002629,,3SZ DBV1215,PLATA,2010,,,,,,,,,,,
,,,,,,,,,,,,,,,,,,,,,,
,,,,,,,,,,,,,,,,,,,,,,
,,,,,,,,,,,,,,,,,,,,,,
,"CARTA DE CREDITO / BCO, SCOTIABANK",,,,,,,,,,,,,,,,,,,,,
,VP.   :  ONYX ARROW  LLEGO:  23.07.11 ,,,,,,PRODUCCION JUNIO -2011   10 UNIDADES  JAPON (1ER. PARCIAL),,,,,,,,,,,,,,,
,B/L  KKLUJPN379548,,,,,,,,,,,,,,,,,,,,,
,13195-1106-0001,,24.06.11,,,,,,,,,,,,,,,,,,,
,,,,,,,,,,,,,,,,,,,,,,
,VERSION,,SPEC,MODELO,POLIZA,# ORD.,CHASIS,,MOTOR,COLOR,AÑO,TRANSM.,,,,,,,,,,FAB.
,,,,,,,,,,,,,,,,,,,,,,
1,ALLOY 11,,J200LG-GMDF2,TERIOS,266893,8361,JDAJ200G0B1031352,,3SZ 2687810,GRIS,2011,,,,,,,,,,,
2,ALLOY 11,,J200LG-GMDF2,TERIOS,266900,8362,JDAJ200G0B1031364,,3SZ 2686697,PLATA,2011,,,,,,,,,,,
3,ALLOY 11,,J200LG-GMDF2,TERIOS,266903,8363,JDAJ200G0B1031401,,3SZ 2687337,PLATA,2011,,,,,,,,,,,
4,ALLOY 11,,J200LG-GMDF2,TERIOS,266904,8364,JDAJ200G0B1031422,,3SZ 2686318,BEIGE,2011,,,,,,,,,,,
5,ALLOY 11,,J200LG-GMDF2,TERIOS,266905,8365,JDAJ200G0B1031444,,3SZ 2686836,PLATA,2011,,,,,,,,,,,
6,ALLOY 11,,J200LG-GMDF2,TERIOS,266906,8366,JDAJ200G0B1031466,,3SZ 2689232,BEIGE,2011,,,,,,,,,,,
7,ALLOY 11,,J200LG-GMDF2,TERIOS,266907,8367,JDAJ200G0B1031489,,3SZ 2687648,GRIS,2011,,,,,,,,,,,
8,ALLOY 11,,J200LG-GMDF2,TERIOS,266908,8368,JDAJ200G0B1031514,,3SZ 2686653,ROJO,2011,,,,,,,,,,,
9,ALLOY 11,,J200LG-GMDF2,TERIOS,266909,8369,JDAJ200G0B1031526,,3SZ 2693369,NEGRO,2011,,,,,,,,,,,
10,BASIC 11,,J200LG-GQDF2,TERIOS,266910,8370,JDAJ200G0B1031378,,3SZ 2669094,NEGRO,2011,,,,,,,,,,,
,,,,,,,,,,,,,,,,,,,,,,
,,,,,,,,,,,,,,,,,,,,,,
,"CARTA DE CREDITO / BCO, SCOTIABANK",,,,,,,,,,,,,,,,,,,,,
,VP.   :  DREAM JASMINE LLEGO:   15.08.11,,,,,,PRODUCCION JUNIO -2011   09 UNIDADES  JAPON ( 2DO. PARCIAL),,,,,,,,,,,,,,,
,B/L  JPNGO-003848323-1,,,,,,,,,,,,,,,,,,,,,
,F/C 13195-1107-001,,19.07.11,,,,,,,,,,,,,,,,,,,
,,,,,,,,,,,,,,,,,,,,,,
,VERSION,,SPEC,MODELO,POLIZA,# ORD.,CHASIS,,MOTOR,COLOR,AÑO,,,,,,,,,,,
,TRANSM.,,,,,,,,,,FAB.,,,,,,,,,,,
,,,,,,,,,,,,,,,,,,,,,,
1,,,J200LG-GMDF2,ALLOY 11,303293,9264,*JDAJ200G0B1031608*,,3SZ 2694060,GRIS,2011,,,,,,,,,,,
2,,,J200LG-GMDF2,ALLOY 11,303259,9265,*JDAJ200G0B1031629*,,3SZ 2693423,PLATA,2011,,,,,,,,,,,
3,,,J200LG-GMDF2,ALLOY 11,303271,9266,*JDAJ200G0B1031659*,,3SZ 2695812,ROJO,2011,,,,,,,,,,,
4,,,J200LG-GMDF2,ALLOY 11,303280,9267,*JDAJ200G0B1031685*,,3SZ 2695826,NEGRO,2011,,,,,,,,,,,
5,,,J200LG-GMDF2,ALLOY 11,303291,9268,*JDAJ200G0B1031716*,,3SZ 2687138,GRIS,2011,,,,,,,,,,,
6,,,J200LG-GMDF2,ALLOY 11,303302,9269,*JDAJ200G0B1031769*,,3SZ 2695334,BEIGE,2011,,,,,,,,,,,
7,,,J200LG-GQDF2,BASIC 11,303269,9261,*JDAJ200G0B1031561*,,3SZ 2669082,PLATA,2011,,,,,,,,,,,
8,,,J200LG-GQDF2,BASIC 11,303281,9262,*JDAJ200G0B1031591*,,3SZ 2676428,GRIS,2011,,,,,,,,,,,
9,,,J200LG-GQDF2,BASIC 11,303283,9263,*JDAJ200G0B1031750*,,3SZ 2679982,BEIGE,2011,,,,,,,,,,,
,,,,,,,,,,,,,,,,,,,,,,
,,,,,,,,,,,,,,,,,,,,,,
,"CARTA DE CREDITO / BCO, SCOTIABANK",,,,,,,,,,,,,,,,,,,,,
,VP.   :  ATLAS LEADER  LLEGO:  10.08.11 ,,,,,,PRODUCCION JUNIO -2011   13 UNIDADES  INDONESIA (1ER. PARCIAL),,,,,,,,,,,,,,,
,B/L  NYKS940005693,,,,,,,,,,,,,,,,,,,,,
,TMI-34A/0048/11,,27.06.11,,,,,,,,,,,,,,,,,,,
,,,,,,,,,,,,,,,,,,,,,,
,VERSION,,SPEC,MODELO,POLIZA,# ORD.,CHASIS,,MOTOR,COLOR,AÑO,,,,,,,,,,,
,TRANSM.,,,,,,,,,,FAB.,,,,,,,,,,,
,,,,,,,,,,,,,,,,,,,,,,
1,TERIOS LONG,,ZQ,TERIOS LONG,280083,8371,MHKG2CN20BK000490,,3SZ DBV6321,BEIGE,2011,,,,,,,,,,,
2,TERIOS LONG,,ZQ,TERIOS LONG,280094,8372,MHKG2CN20BK000491,,3SZ DCC9179,GRIS,2011,,,,,,,,,,,
3,TERIOS LONG,,ZQ,TERIOS LONG,280095,8373,MHKG2CN20BK000492,,3SZ DBV2171,PLATA,2011,,,,,,,,,,,
4,TERIOS LONG,,ZQ,TERIOS LONG,280104,8374,MHKG2CN20BK000493,,3SZ DCC9318,MARRON PARDO,2011,,,,,,,,,,,
5,TERIOS LONG,,ZQ,TERIOS LONG,280107,8375,MHKG2CN20BK000522,,3SZ DCD1431,NEGRO,2011,,,,,,,,,,,
6,TERIOS LONG,,ZQ,TERIOS LONG,280096,8376,MHKG2CN20BK000523,,3SZ DCD5841,BEIGE,2011,,,,,,,,,,,
7,TERIOS LONG,,ZQ,TERIOS LONG,280105,8377,MHKG2CN20BK000524,,3SZ DBV0763,GRIS,2011,,,,,,,,,,,
8,TERIOS LONG,,ZQ,TERIOS LONG,280108,8378,MHKG2CN20BK000525,,3SZ DCC7966,PLATA,2011,,,,,,,,,,,
9,LUXURY,,ZR,TERIOS LONG,280106,8379,MHKG2CP40BK003180,,3SZ DBU7607,GRIS,2011,,,,,,,,,,,
10,LUXURY,,ZR,TERIOS LONG,280112,8380,MHKG2CP40BK003181,,3SZ DBU7604,PLATA,2011,,,,,,,,,,,
11,LUXURY,,ZR,TERIOS LONG,280114,8381,MHKG2CP40BK003183,,3SZ DCC9159,MARRON PARDO,2011,,,,,,,,,,,
12,LUXURY,,ZR,TERIOS LONG,280109,8382,MHKG2CP40BK003193,,3SZ DBU7590,GRIS,2011,,,,,,,,,,,
13,LUXURY,,ZR,TERIOS LONG,280113,8383,MHKG2CP40BK003194,,3SZ DBU8817,PLATA,2011,,,,,,,,,,,
,,,,,,,,,,,,,,,,,,,,,,
,,,,,,,,,,,,,,,,,,,,,,
,"CARTA DE CREDITO / BCO, SCOTIABANK",,,,,,,,,,,,,,,,,,,,,
,VP.   :  DAETALUS LEADER  LLEGO:   29.08.11,,,,,,PRODUCCION JUNIO -2011   02 UNIDADES  INDONESIA ( 2DO. PARCIAL),,,,,,,,,,,,,,,
,B/L  NYKS940005736,,,,,,,,,,,,,,,,,,,,,
,TMI-34A/0049/11,,07.07.11,,,,,,,,,,,,,,,,,,,
,,,,,,,,,,,,,,,,,,,,,,
,VERSION,,SPEC,MODELO,POLIZA,# ORD.,CHASIS,,MOTOR,COLOR,AÑO,TRANSM.,,,,,,,,,,FAB.
,,,,,,,,,,,,,,,,,,,,,,
1,LUXURY,,ZR,TERIOS LONG,309809,9451,MHKG2CP40BK003182,,3SZ DCC9325,BEIGE,2011,,,,,,,,,,,
2,LUXURY,,ZR,TERIOS LONG,309815,9452,MHKG2CP40BK003192,,3SZ DBV4387,NEGRO,2011,,,,,,,,,,,
,,,,,,,,,,,,,,,,,,,,,,
,,,,,,,,,,,,,,,,,,,,,,
,,,,,,,,,,,,,,,,,,,,,,
,,,,,,,,,,,,,,,,,,,,,,
,"CARTA DE CREDITO / BCO, SCOTIABANK",,,,,,,,,,,,,,,,,,,,,
,VP.   :  ATLANTIC HIGHWAY  LLEGO:  21.08.11 ,,,,,,PRODUCCION JULIO -2011   16 UNIDADES  JAPON,,,,,,,,,,,,,,,
,B/L  JPNGO-003867801-2,,,,,,,,,,,,,,,,,,,,,
,F/C 13195-1107-002,,26.07.11,,,,,,,,,,,,,,,,,,,
,,,,,,,,,,,,,,,,,,,,,,
,VERSION,,SPEC,MODELO,POLIZA,# ORD.,CHASIS,,MOTOR,COLOR,AÑO,TRANSM.,,,,,,,,,,FAB.
,,,,,,,,,,,,,,,,,,,,,,
1,,,MECANICA,ALLOY 11,308487,9611,*JDAJ200G0C1031779*,,3SZ 2696247,BEIGE,2011,,,,,,,,,,,
2,,,MECANICA,ALLOY 11,308502,9612,*JDAJ200G0C1031823*,,3SZ 2700735,NEGRO,2011,,,,,,,,,,,
3,,,MECANICA,ALLOY 11,308503,9613,*JDAJ200G0C1031825*,,3SZ 2700725,GRIS,2011,,,,,,,,,,,
4,,,MECANICA,ALLOY 11,308519,9614,*JDAJ200G0C1031859*,,3SZ 2701063,GRIS,2011,,,,,,,,,,,
5,,,MECANICA,ALLOY 11,308557,9615,*JDAJ200G0C1031886*,,3SZ 2701272,GRIS,2011,,,,,,,,,,,
6,,,MECANICA,ALLOY 11,308564,9616,*JDAJ200G0C1031883*,,3SZ 2701279,NEGRO,2011,,,,,,,,,,,
7,,,MECANICA,ALLOY 11,308535,9617,*JDAJ200G0C1031801*,,3SZ 2698733,BEIGE,2011,,,,,,,,,,,
8,,,MECANICA,ALLOY 11,308542,9618,*JDAJ200G0C1031846*,,3SZ 2698999,NEGRO,2011,,,,,,,,,,,
9,,,MECANICA,ALLOY 11,308517,9619,*JDAJ200G0C1031901*,,3SZ 2701294,PLATA,2011,,,,,,,,,,,
10,,,MECANICA,ALLOY 11,308534,9620,*JDAJ200G0C1031936*,,3SZ 2701432,PLATA,2011,,,,,,,,,,,
11,,,MECANICA,ALLOY 11,308543,9621,*JDAJ200G0C1031965*,,3SZ 2701027,ROJO,2011,,,,,,,,,,,
12,,,MECANICA,ALLOY 11,308556,9622,*JDAJ200G0C1031966*,,3SZ 2701340,VERDE BRITANICO,2011,,,,,,,,,,,
13,,,MECANICA,ALLOY 11,308669,9623,*JDAJ200G0C1031991*,,3SZ 2702080,ROJO,2011,,,,,,,,,,,
14,,,MECANICA,ALLOY 11,308682,9624,*JDAJ200G0C1031995*,,3SZ 2702055,VERDE BRITANICO,2011,,,,,,,,,,,
15,,,AUTOMATICA,BASIC 11,308655,9625,*JDAJ200G0C1031784*,,3SZ 2679946,GRIS,2011,,,,,,,,,,,
16,,,AUTOMATICA,BASIC 11,308488,9626,*JDAJ200G0C1031827*,,3SZ 2672716,ROJO,2011,,,,,,,,,,,
,,,,,,,,,,,,,,,,,,,,,,
,,,,,,,,,,,,,,,,,,,,,,
,,,,,,,,,,,,,,,,,,,,,,
,"CARTA DE CREDITO / BCO, SCOTIABANK",,,,,,,,,,,,,,,,,,,,,
,VP.   :  DAETALUS LEADER  LLEGO:   29.08.11,,,,,,PRODUCCION JULIO -2011   02 UNIDADES  INDONESIA (1ER. PARCIAL),,,,,,,,,,,,,,,
,B/L  NYKS940005733,,,,,,,,,,,,,,,,,,,,,
,F/C TMI-34A/0050/11,,07.07.11,,,,,,,,,,,,,,,,,,,
,,,,,,,,,,,,,,,,,,,,,,
,VERSION,,SPEC,MODELO,POLIZA,# ORD.,CHASIS,,MOTOR,COLOR,AÑO,TRANSM.,,,,,,,,,,FAB.
,,,,,,,,,,,,,,,,,,,,,,
1,MECANICA,,NB,TERIOS LONG,309838,9441,MHKG2CN20CK000527,,3SZ DCD7944,MARRON PARDO,2011,,,,,,,,,,,
2,MECANICA,,NB,TERIOS LONG,309795,9442,MHKG2CN20CK000526,,3SZ DCD5032,GRIS,2011,,,,,,,,,,,
,,,,,,,,,,,,,,,,,,,,,,
,,,,,,,,,,,,,,,,,,,,,,
,,,,,,,,,,,,,,,,,,,,,,
,"CARTA DE CREDITO / BCO, SCOTIABANK",,,,,,,,,,,,,,,,,,,,,
,VP.   :  DRESDENT 13T  LLEGO:   31.08.11,,,, ,,PRODUCCION JULIO -2011   04 UNIDADES  INDONESIA (2DO.. PARCIAL),,,,,,,,,,,,,,,
,B/L  KKLUJKT259771,,,,,,,,,,,,,,,,,,,,,
,F/C TMI-34A/0051/11,,22.07.11,,,,,,,,,,,,,,,,,,,
,,,,,,,,,,,,,,,,,,,,,,
,VERSION,,SPEC,MODELO,POLIZA,# ORD.,CHASIS,,MOTOR,COLOR,AÑO,TRANSM.,,,,,,,,,,FAB.
,,,,,,,,,,,,,,,,,,,,,,
1,MECANICA,,NB,TERIOS LONG,316399,9961,MHKG2CN20CK000531,,3SZ DCE4292,GRIS,2011,,,,,,,,,,,
2,MECANICA,,NB,TERIOS LONG,316410,9962,MHKG2CN20CK000530,,3SZ DCC9759,BEIGE,2011,,,,,,,,,,,
3,MECANICA,,NB,TERIOS LONG,316421,9963,MHKG2CN20CK000529,,3SZ DCD8948,PLATA,2011,,,,,,,,,,,
4,MECANICA,,NB,TERIOS LONG,316440,9964,MHKG2CN20CK000528,,3SZ DCE0685,NEGRO,2011,,,,,,,,,,,
,,,,,,,,,,,,,,,,,,,,,,
,,,,,,,,,,,,,,,,,,,,,,
,"CARTA DE CREDITO / BCO, SCOTIABANK",,,,,,,,,,,,,,,,,,,,,
,VP.   :  DREAM ORCHID  LLEGO:   05.10.11,,,, ,,PRODUCCION JULIO -2011   03 UNIDADES  INDONESIA (3ER.. PARCIAL),,,,,,,,,,,,,,,
,B/L  NYKS940005981,,,2011-2297,,,,,,,,,,,,,,,,,,
,F/C TMI-34A/0052/11,,23.08.11,,,,,,,,,,,,,,,,,,,
,,,,,,,,,,,,,,,,,,,,,,
,VERSION,,SPEC,MODELO,POLIZA,# ORD.,CHASIS,,MOTOR,COLOR,AÑO,TRANSM.,,,,,,,,,,FAB.
,,,,,,,,,,,,,,,,,,,,,,
1,F700LG-GMDF,,NB,TERIOS LONG,372323,11351,MHKG2CN20CK000532,,3SZ DCE0759,MARRON PARDO,2011,,,,,,,,,,,
2,F700LG-GMDF,,NB,TERIOS LONG,372332,11352,MHKG2CN20CK000533,,3SZ DCE5970,NEGRO,2011,,,,,,,,,,,
3,F700LG-GMDF,,NB,TERIOS LONG,372340,11353,MHKG2CN20CK000534,,3SZ DCE1531,PLATA,2011,,,,,,,,,,,
,,,,,,,,,,,,,,,,,,,,,,
,,,,,,,,,,,,,,,,,,,,,,
,"CARTA DE CREDITO / BCO, SCOTIABANK",,,,,,,,,,,,,,,,,,,,,
,VP.   :  DREAM ORCHID  LLEGO:   05.10.11,,,, ,,PRODUCCION AGOSTO -2011   01 UNIDADES  INDONESIA (1ER.. PARCIAL),,,,,,,,,,,,,,,
,B/L  NYKS940005978,,,2011-2297,,,,,,,,,,,,,,,,,,
,F/C TMI-34A/0053/11,,23.08.11,,,,,,,,,,,,,,,,,,,
,,,,,,,,,,,,,,,,,,,,,,
,VERSION,,SPEC,MODELO,POLIZA,# ORD.,CHASIS,,MOTOR,COLOR,AÑO,TRANSM.,,,,,,,,,,FAB.
,,,,,,,,,,,,,,,,,,,,,,
1,F700LG-GQGF,,LUXURY,TERIOS LONG,372157,11350,MHKG2CP40CK003309,,3SZ DCF5637,BEIGE,2011,,,,,,,,,,,
,,,,,,,,,,,,,,,,,,,,,,
,,,,,,,,,,,,,,,,,,,,,,
,,,,,,,,,,,,,,,,,,,,,,
,"CARTA DE CREDITO / BCO, SCOTIABANK",,,,,,,,,,,,,,,,,,,,,
,VP.   :  GRAND LEGACY  LLEGO:   22.10.11,,,, ,,PRODUCCION AGOSTO -2011   09 UNIDADES  INDONESIA (2do. PARCIAL),,,,,,,,,,,,,,,
,B/L  NYKS940006110,,,2011-,,,,,,,,,,,,,,,,,,
,F/C TMI-34A/0054/11,,08.09.11,,,,,,,,,,,,,,,,,,,
,,,,,,,,,,,,,,,,,,,,,,
,VERSION,,SPEC,MODELO,POLIZA,# ORD.,CHASIS,,MOTOR,COLOR,AÑO,TRANSM.,,,,,,,,,,FAB.
,,,,,,,,,,,,,,,,,,,,,,
1,MECANICA,,NB,TERIOS LONG,394799,12093,MHKG2CN20CK000535,,3SZ DCF7654,BEIGE,2011,,,,,,,,,,,
2,MECANICA,,NB,TERIOS LONG,394790,12092,MHKG2CN20CK000536,,3SZ DCF7540,GRIS,2011,,,,,,,,,,,
3,MECANICA,,NB,TERIOS LONG,394781,12091,MHKG2CN20CK000537,,3SZ DCF5352,MARRON PARDO,2011,,,,,,,,,,,
4,MECANICA,,NB,TERIOS LONG,394769,12095,MHKG2CN20CK000538,,3SZ DCF5250,NEGRO,2011,,,,,,,,,,,
5,MECANICA,,NB,TERIOS LONG,394813,12094,MHKG2CN20CK000539,,3SZ DCF4748,PLATA,2011,,,,,,,,,,,
6,AUTOMATICA,,LUXURY,TERIOS LONG,394794,12097,MHKG2CP40CK003315,,3SZ DCF5953,GRIS,2011,,,,,,,,,,,
7,AUTOMATICA,,LUXURY,TERIOS LONG,394788,12096,MHKG2CP40CK003323,,3SZ DCD5085,MARRON PARDO,2011,,,,,,,,,,,
8,AUTOMATICA,,LUXURY,TERIOS LONG,394776,12099,MHKG2CP40CK003330,,3SZ DCF7551,NEGRO,2011,,,,,,,,,,,
9,AUTOMATICA,,LUXURY,TERIOS LONG,394804,12098,MHKG2CP40CK003337,,3SZ DCF5713,PLATA,2011,,,,,,,,,,,
,,,,,,,,,,,,,,,,,,,,,,
,,,,,,,,,,,,,,,,,,,,,,
,"CARTA DE CREDITO / BCO, SCOTIABANK",,,,,,,,,,,,,,,,,,,,,
,VP.   :  GRAND LEGACY  LLEGO:   22.10.11,,,, ,,PRODUCCION SETIEMBRE -2011   01 UNIDADES  INDONESIA (1ER. PARCIAL),,,,,,,,,,,,,,,
,B/L  NYKS940006109,,,2011-,,,,,,,,,,,,,,,,,,
,F/C TMI-34A/0055/11,,08.09.11,,,,,,,,,,,,,,,,,,,
,,,,,,,,,,,,,,,,,,,,,,
,VERSION,,SPEC,MODELO,POLIZA,# ORD.,CHASIS,,MOTOR,COLOR,AÑO,TRANSM.,,,,,,,,,,FAB.
,,,,,,,,,,,,,,,,,,,,,,
1,F700LG-GMDF,,NB,TERIOS LONG,394629,,MHKG2CN20CK000543,,3SZ DCG0886,BEIGE,2011,,,,,,,,,,,
,,,,,,,,,,,,,,,,,,,,,,
,,,,,,,,,,,,,,,,,,,,,,
,,,,,,,,,,,,,,,,,,,,,,
,"CARTA DE CREDITO / BCO, SCOTIABANK",,,,,,,,,,,,,,,,,,,,,
,VP.   :  GRAND LEGACY  LLEGO:   22.10.11,,,, ,,PRODUCCION SETIEMBRE -2011   17  UNIDADES  JAPON ,,,,,,,,,,,,,,,
,B/L  NYKS180865082,,,2011-,,,,,,,,,,,,,,,,,,
,F/C 13195-1109-001,,21.09.11,,,,,,,,,,,,,,,,,,,
,,,,,,,,,,,,,,,,,,,,,,
,VERSION,,SPEC,MODELO,POLIZA,# ORD.,CHASIS,,MOTOR,COLOR,AÑO,TRANSM.,,,,,,,,,,FAB.
,,,,,,,,,,,,,,,,,,,,,,
1,J200LG-GMDF2,,,ALLOY 11,395151,12078,JDAJ200G0C1033142,,3SZ 2715871,NEGRO,2011,,,,,,,,,,,
2,J200LG-GMDF2,,,ALLOY 11,395032,12079,JDAJ200G0C1033158,,3SZ 2716182,NEGRO,2011,,,,,,,,,,,
3,J200LG-GMDF2,,,ALLOY 11,394789,12080,JDAJ200G0C1033178,,3SZ 2716731,VERDE BRITANICO,2011,,,,,,,,,,,
4,J200LG-GMDF2,,,ALLOY 11,395030,12081,JDAJ200G0C1033173,,3SZ 2716763,BEIGE,2011,,,,,,,,,,,
5,J200LG-GMDF2,,,ALLOY 11,395068,12082,JDAJ200G0C1033197,,3SZ 2716294,ROJO,2011,,,,,,,,,,,
6,J200LG-GMDF2,,,ALLOY 11,394936,12083,JDAJ200G0C1033185,,3SZ 2717228,GRIS,2011,,,,,,,,,,,
7,J200LG-GMDF2,,,ALLOY 11,394951,12084,JDAJ200G0C1033216,,3SZ 2717507,ROJO,2011,,,,,,,,,,,
8,J200LG-GMDF2,,,ALLOY 11,394965,12085,JDAJ200G0C1033205,,3SZ 2717489,PLATA,2011,,,,,,,,,,,
9,J200LG-GMDF2,,,ALLOY 11,394817,12086,JDAJ200G0C1033229,,3SZ 2717550,GRIS,2011,,,,,,,,,,,
10,J200LG-GMDF2,,,ALLOY 11,395066,12087,JDAJ200G0C1033232,,3SZ 2717987,PLATA,2011,,,,,,,,,,,
11,J200LG-GQDF2,,,BASIC 11,394786,12075,JDAJ200G0C1033176,,3SZ 2711560,ROJO,2011,,,,,,,,,,,
12,J200LG-GQDF2,,,BASIC 11,394928,12076,JDAJ200G0C1033187,,3SZ 2716055,PLATA,2011,,,,,,,,,,,
13,J200LG-GQDF2,,,BASIC 11,394942,12077,JDAJ200G0C1033208,,3SZ 2716003,NEGRO,2011,,,,,,,,,,,
14,J210LG-GMDF2,,,SAFETY 11,394791,12073,JDAJ210G0C1125581,,3SZ 2717400,PLATA,2011,,,,,,,,,,,
15,J210LG-GMDF2,,,SAFETY 11,394803,12074,JDAJ210G0C1125663,,3SZ 2717815,NEGRO,2011,,,,,,,,,,,
16,J210LG-GQDF2,,,SAFETY 11,394784,12071,JDAJ210G0C1125437,,3SZ 2713998,GRIS,2011,,,,,,,,,,,
17,J210LG-GQDF2,,,SAFETY 11,394792,12072,JDAJ210G0C1125505,,3SZ 2713881,BEIGE,2011,,,,,,,,,,,
,,,,,,,,,,,,,,,,,,,,,,
,,,,,,,,,,,,,,,,,,,,,,
,,,,,,,,,,,,,,,,,,,,,,
,"CARTA DE CREDITO / BCO, SCOTIABANK",,,,,,,,,,,,,,,,,,,,,
,VP.   :  VIKING AMBER   LLEGO:   19.11.11,,,, ,,PRODUCCION SETIEMBRE -2011   06  UNIDADES  INDONESIA (2DO. PARCIAL) ,,,,,,,,,,,,,,,
,B/L  KKLUJKT264704,,,2011-,,,,,,,,,,,,,,,,,,
,F/C TMI-34A/0056/11,,27.09.11,,,,,,,,,,,,,,,,,,,
,,,,,,,,,,,,,,,,,,,,,,
,VERSION,,SPEC,MODELO,POLIZA,# ORD.,CHASIS,,MOTOR,COLOR,AÑO,TRANSM.,,,,,,,,,,FAB.
,,,,,,,,,,,,,,,,,,,,,,
1,MECANICA,,NB,TERIOS LONG,440746,13411,MHKG2CN20CK000548,,3SZ DCF8418,MARRON PARDO,2011,,,,,,,,,,,
2,MECANICA,,NB,TERIOS LONG,440756,13412,MHKG2CN20CK000553,,3SZ DCG2693,GRIS,2011,,,,,,,,,,,
3,MECANICA,,NB,TERIOS LONG,440747,13413,MHKG2CN20CK000560,,3SZ DCD5006,NEGRO,2011,,,,,,,,,,,
4,MECANICA,,NB,TERIOS LONG,440758,13414,MHKG2CN20CK000565,,3SZ DCG4772,PLATA,2011,,,,,,,,,,,
5,AUTOMATICA,,LUXURY,TERIOS LONG,440748,13415,MHKG2CP40CK003352,,3SZ DCF8331,BEIGE,2011,,,,,,,,,,,
6,AUTOMATICA,,LUXURY,TERIOS LONG,440759,13416,MHKG2CP40CK003373,,3SZ DCF5970,GRIS,2011,,,,,,,,,,,
,,,,,,,,,,,,,,,,,,,,,,
,,,,,,,,,,,,,,,,,,,,,,
,"CARTA DE CREDITO / BCO, SCOTIABANK",,,,,,,,,,,,,,,,,,,,,
,VP.   :  VIKING AMBER   LLEGO:   19.11.11,,,, ,,PRODUCCION SETIEMBRE  -2011   03  UNIDADES  INDONESIA (3ER. PARCIAL) ,,,,,,,,,,,,,,,
,B/L  KKLUJKT265672,,,2011-,,,,,,,,,,,,,,,,,,
,F/C TMI-34A/0057/11,,10.10.11,,,,                                                                                                                                                                                                                                                                                                                                                                                                                                                                                                                                                                                                                                                                                                                                                                                                                                                                                                                                                                                                                                                                                                                                                                                                                                                                                                                                                                                                                                                                                                                                                                                                                                                                                                                                                                                                                 ,,,,,,,,,,,,,,,
,,,,,,,,,,,,,,,,,,,,,,
,VERSION,,SPEC,MODELO,POLIZA,# ORD.,CHASIS,,MOTOR,COLOR,AÑO,TRANSM.,,,,,,,,,,FAB.
,,,,,,,,,,,,,,,,,,,,,,
1,MECANICA,,NB,TERIOS LONG,440371,13421,MHKG2CN20CK000576,,3SZ DCG6670,MARRON PARDO,2011,,,,,,,,,,,
2,MECANICA,,NB,TERIOS LONG,440399,13422,MHKG2CN20CK000571,,3SZ DCG7513,GRIS,2011,,,,,,,,,,,
3,AUTOMATICA,,LUXURY,TERIOS LONG,440417,13423,MHKG2CP40CK003399,,3SZ DCG8677,MARRON PARDO,2011,,,,,,,,,,,
,,,,,,,,,,,,,,,,,,,,,,
,,,,,,,,,,,,,,,,,,,,,,
,,,,,,,,,,,,,,,,,,,,,,
,,,,,,,,,,,,,,,,,,,,,,
,"CARTA DE CREDITO / BCO, SCOTIABANK",,,,,,,,,,,,,,,,,,,,,
,VP.   :   AMBER ARROW   LLEGO:   22.11.11,,,, ,,PRODUCCION OCTUBRE -2011   14  UNIDADES  JAPON  ,,,,,,,,,,,,,,,
,B/L  KKLUJPN383287,,,2011-,,,,,,,,,,,,,,,,,,
,F/C 13195-1110-001,,24.10.11,,,,,,,,,,,,,,,,,,,
,,,,,,,,,,,,,,,,,,,,,,
,VERSION,,SPEC,MODELO,POLIZA,# ORD.,CHASIS,,MOTOR,COLOR,AÑO,TRANSM.,,,,,,,,,,FAB.
,,,,,,,,,,,,,,,,,,,,,,
1,MECANICA,,TERIOS,ALLOY 11,440972,13549,JDAJ200G0C1033568,,3SZ 2718357,NEGRO,2011,,,,,,,,,,,
2,MECANICA,,TERIOS,ALLOY 11,440980,13550,JDAJ200G0C1033598,,3SZ 2717134,BEIGE,2011,,,,,,,,,,,
3,MECANICA,,TERIOS,ALLOY 11,440989,13551,JDAJ200G0C1033635,,3SZ 2717345,GRIS,2011,,,,,,,,,,,
4,MECANICA,,TERIOS,ALLOY 11,440995,13552,JDAJ200G0C1033655,,3SZ 2720658,PLATA,2011,,,,,,,,,,,
5,MECANICA,,TERIOS,ALLOY 11,440999,13553,JDAJ200G0C1033692,,3SZ 2723583,ROJO,2011,,,,,,,,,,,
6,MECANICA,,TERIOS,ALLOY 11,441012,13554,JDAJ200G0C1033727,,3SZ 2724497,VERDE BRITANICO,2011,,,,,,,,,,,
7,AUTOMATICA,,TERIOS,BASIC 11,441006,13547,JDAJ200G0C1033569,,3SZ 2716476,PLATA,2011,,,,,,,,,,,
8,AUTOMATICA,,TERIOS,BASIC 11,441009,13548,JDAJ200G0C1033590,,3SZ 2716372,VERDE BRITANICO,2011,,,,,,,,,,,
9,MECANICA,,TERIOS,SAFETY,440984,13543,JDAJ210G0C1126727,,3SZ 2716843,BEIGE,2011,,,,,,,,,,,
10,MECANICA,,TERIOS,SAFETY,440993,13544,JDAJ210G0C1126777,,3SZ 2717081,GRIS,2011,,,,,,,,,,,
11,MECANICA,,TERIOS,SAFETY,440996,13545,JDAJ210G0C1126827,,3SZ 2716677,PLATA,2011,,,,,,,,,,,
12,MECANICA,,TERIOS,SAFETY,441001,13546,JDAJ210G0C1126904,,3SZ 2720577,VERDE BRITANICO,2011,,,,,,,,,,,
13,AUTOMATICA,,TERIOS,SAFETY,440970,13541,JDAJ210G0C1126886,,3SZ 2717495,NEGRO,2011,,,,,,,,,,,
14,AUTOMATICA,,TERIOS,SAFETY,440976,13542,JDAJ210G0C1126942,,3SZ 2716824,PLATA,2011,,,,,,,,,,,
,,,,,,,,,,,,,,,,,,,,,,
,,,,,,,,,,,,,,,,,,,,,,
,,,,,,,,,,,,,,,,,,,,,,
,"CARTA DE CREDITO / BCO, SCOTIABANK",,,,,,,,,,,,,,,,,,,,,
,VP.   :   HOJIN   LLEGO:   16.12.11,,,, ,,PRODUCCION  OCTUBRE - 2011   04  UNIDADES  INDONESIA  2DO. PARCIAL ,,,,,,,,,,,,,,,
,B/L  NYKS940006482,,,2011-2856,,,,,,,,,,,,,,,,,,
,F/C TMI-34A/0059/11,,04.11.11,,,,,,,,,,,,,,,,,,,
,,,,,,,,,,,,,,,,,,,,,,
,VERSION,,SPEC,MODELO,POLIZA,# ORD.,CHASIS,,MOTOR,COLOR,AÑO ,TRANSM.,,,,,,,,,,FAB.
,,,,,,,,,,,,,,,,,,,,,,
1,MECANICA,,NB,TERIOS LONG,475969,14361,MHKG2CN20CK000582,,3SZ DCH1221,MARRON PARDO,2011,,,,,,,,,,,
2,MECANICA,,NB,TERIOS LONG,475993,14362,MHKG2CN20CK000605,,3SZ DCH8762,MARRON PARDO,2011,,,,,,,,,,,
3,MECANICA,,NB,TERIOS LONG,475989,14363,MHKG2CN20CK000600,,3SZ DCH9356,GRIS,2011,,,,,,,,,,,
4,AUTOMATICA,,LUXURY,TERIOS LONG,475994,14364,MHKG2CP40CK003446,,3SZ DCJ1251,GRIS,2011,,,,,,,,,,,
,,,,,,,,,,,,,,,,,,,,,,
,,,,,,,,,,,,,,,,,,,,,,
,,,,,,,,,,,,,,,,,,,,,,
,"CARTA DE CREDITO / BCO, SCOTIABANK",,,,,,,,,,,,,,,,,,,,,
,VP.   :   HOJIN   LLEGO:   16.12.11,,,, ,,PRODUCCION  OCTUBRE - 2011   06  UNIDADES  INDONESIA  1ER. PARCIAL ,,,,,,,,,,,,,,,
,B/L  NYKS940006423,,,2011-2856,,,,,,,,,,,,,,,,,,
,F/C TMI-34A/0058/11,,24.10.11,,,,,,,,,,,,,,,,,,,
,,,,,,,,,,,,,,,,,,,,,,
,VERSION,,SPEC,MODELO,POLIZA,# ORD.,CHASIS,,MOTOR,COLOR,AÑO,TRANSM.,,,,,,,,,,FAB.
,,,,,,,,,,,,,,,,,,,,,,
1,MECANICA,,NB,TERIOS LONG,476047,14351,MHKG2CN20CK000596,,3SZ DCH8264,BEIGE,2011,,,,,,,,,,,
2,MECANICA,,NB,TERIOS LONG,476060,14352,MHKG2CN20CK000587,,3SZ DCH3121,PLATA,2011,,,,,,,,,,,
3,MECANICA,,NB,TERIOS LONG,476067,14353,MHKG2CN20CK000591,,3SZ DCH1899,NEGRO,2011,,,,,,,,,,,
4,AUTOMATICA,,LUXURY,TERIOS LONG,476084,14354,MHKG2CP40CK003437,,3SZ DCH9297,MARRON PARDO,2011,,,,,,,,,,,
5,AUTOMATICA,,LUXURY,TERIOS LONG,476099,14355,MHKG2CP40CK003427,,3SZ DCH4524,BEIGE,2011,,,,,,,,,,,
6,AUTOMATICA,,LUXURY,TERIOS LONG,476109,14356,MHKG2CP40CK003418,,3SZ DCH3020,NEGRO,2011,,,,,,,,,,,
,,,,,,,,,,,,,,,,,,,,,,
,,,,,,,,,,,,,,,,,,,,,,
,"CARTA DE CREDITO / BCO, SCOTIABANK",,,,,,,,,,,,,,,,,,,,,
,VP.   : DREAM JAZMINE     LLEGO:  12.01.12  ,,,, ,,PRODUCCION NOVIEMBRE - 2011   05  UNIDADES  INDONESIA  1ER. PARCIAL,,,,,,,,,,,,,,,
,B/L  KKLUJKT268479,,,2011-,,,,,,,,,,,,,,,,,,
,F/C TMI-34A/0060/11,,17.11.11,,,,,,,,,,,,,,,,,,,
,,,,,,,,,,,,,,,,,,,,,,
,VERSION,,SPEC,MODELO,POLIZA,# ORD.,CHASIS,,MOTOR,COLOR,AÑO,TRANSM.,,,,,,,,,,FAB.
,,,,,,,,,,,,,,,,,,,,,,
1,F700LG-GMDF,,NB,TERIOS LONG,14447,483,MHKG2CN20CK000609,,3SZ DCJ2391,PLATA,2011,,,,,,,,,,,
2,F700LG-GMDF,,NB,TERIOS LONG,14430,481,MHKG2CN20CK000612,,3SZ DCJ4614,BEIGE,2011,,,,,,,,,,,
3,F700LG-GMDF,,NB,TERIOS LONG,14434,482,MHKG2CN20CK000615,,3SZ DCJ1762,NEGRO,2011,,,,,,,,,,,
4,F700LG-GQGF,,LUXURY,TERIOS LONG,14448,484,MHKG2CP40CK003450,,3SZ DCJ4927,NEGRO,2011,,,,,,,,,,,
5,F700LG-GQGF,,LUXURY,TERIOS LONG,14449,485,MHKG2CP40CK003472,,3SZ DCH1201,PLATA,2011,,,,,,,,,,,
,,,,,,,,,,,,,,,,,,,,,,
,,,,,,,,,,,,,,,,,,,,,,
,,,,,,,,,,,,,,,,,,,,,,
,"CARTA DE CREDITO / BCO, SCOTIABANK",,,,,,,,,,,,,,,,,,,,,
,VP.   :   AMBER ARROW   LLEGO:   24.01.12,,,, ,,PRODUCCION  NOVIEMBRE - 2011   04  UNIDADES  INDONESIA  2do. PARCIAL,,,,,,,,,,,,,,,
,B/L  KKLUJKT270230,,,2011-166,,,,,,,,,,,,,,,,,,
,F/C TMI-34A/0061/11,,09.12.11,,,,,,,,,,,,,,,,,,,
,,,,,,,,,,,,,,,,,,,,,,
,VERSION,,SPEC,MODELO,POLIZA,# ORD.,CHASIS,,MOTOR,COLOR,AÑO,TRANSM.,,,,,,,,,,FAB.
,,,,,,,,,,,,,,,,,,,,,,
1,F700LG-GMDF,,NB,TERIOS LONG,32150,1072,MHKG2CN20CK000618,,3SZ DCH3721,GRIS,2011,,,,,,,,,,,
2,F700LG-GMDF,,NB,TERIOS LONG,32142,1071,MHKG2CN20CK000621,,3SZ DCK2524,MARRON PARDO,2011,,,,,,,,,,,
3,F700LG-GQGF,,LUXURY,TERIOS LONG,32160,1073,MHKG2CP40CK003489,,3SZ DCG2806,MARRON PARDO,2011,,,,,,,,,,,
4,F700LG-GQGF,,LUXURY,TERIOS LONG,32176,1074,MHKG2CP40CK003510,,3SZ DCJ4914,GRIS,2011,,,,,,,,,,,
,,,,,,,,,,,,,,,,,,,,,,
,,,,,,,,,,,,,,,,,,,,,,
,,,,,,,,,,,,,,,,,,,,,,
,"CARTA DE CREDITO / BCO, SCOTIABANK",,,,,,,,,,,,,,,,,,,,,
,VP.   :  ATLANTIC HIGHWAY    LLEGO:   21.12.11,,,, ,,PRODUCCION  NOVIEMBRE - 2011   06  UNIDADES  JAPON ,,,,,,,,,,,,,,,
,B/L  JPNGO-004202597-1,,,2011-,,,,,,,,,,,,,,,,,,
,F/C 13195-1111-001,,25.11.11,,,,,,,,,,,,,,,,,,,
,,,,,,,,,,,,,,,,,,,,,,
,VERSION,,SPEC,MODELO,POLIZA,# ORD.,CHASIS,,MOTOR,COLOR,AÑO,TRANSM.,,,,,,,,,,FAB.
,,,,,,,,,,,,,,,,,,,,,,
1,J200LG-GMDF2,,ALLOY 11,TERIOS,491426,14793,JDAJ200G0C1033874,,3SZ 2725257,ROJO,2011,,,,,,,,,,,
2,J200LG-GMDF2,,ALLOY 11,TERIOS,491434,14794,JDAJ200G0C1033875,,3SZ 2725060,PLATA,2011,,,,,,,,,,,
3,J200LG-GMDF2,,ALLOY 11,TERIOS,491451,14795,JDAJ200G0C1033886,,3SZ 2725224,GRIS,2011,,,,,,,,,,,
4,J200LG-GMDF2,,ALLOY 11,TERIOS,491453,14796,JDAJ200G0C1033896,,3SZ 2725052,NEGRO,2011,,,,,,,,,,,
5,J210LG-GMDF2,,SAFETY,TERIOS,491398,14791,JDAJ210G0C1127398,,3SZ 2725384,ROJO,2011,,,,,,,,,,,
6,J210LG-GMDF2,,SAFETY,TERIOS,491410,14792,JDAJ210G0C1127409,,3SZ 2725271,NEGRO,2011,,,,,,,,,,,
,,,,,,,,,,,,,,,,,,,,,,
,,,,,,,,,,,,,,,,,,,,,,
,,,,,,,,,,,,,,,,,,,,,,
,"CARTA DE CREDITO / BCO, SCOTIABANK",,,,,,,,,,,,,,,,,,,,,
,VP.   :   AMBER ARROW   LLEGO:   24.01.12,,,, ,,PRODUCCION DICIEMBRE - 2011   04  UNIDADES  INDONESIA  ,,,,,,,,,,,,,,,
,B/L  KKLUJKT270135,,,2011-166,,,,,,,,,,,,,,,,,,
,F/C EI-1401-34AM-11,,08.12.11,,,,,,,,,,,,,,,,,,,
,,,,,,,,,,,,,,,,,,,,,,
,VERSION,,SPEC,MODELO,POLIZA,# ORD.,CHASIS,,MOTOR,COLOR,AÑO,TRANSM.,,,,,,,,,,FAB.
,,,,,,,,,,,,,,,,,,,,,,
1,F700LG-GMDF,,NB,TERIOS LONG,32124,1061,MHKG2CN20CK000623,,3SZ DCK0857,PLATA,2011,,,,,,,,,,,
2,F700LG-GMDF,,NB,TERIOS LONG,32129,1062,MHKG2CN20CK000624,,3SZ DCJ7270,MARRON PARDO,2011,,,,,,,,,,,
3,F700LG-GMDF,,NB,TERIOS LONG,32140,1063,MHKG2CN20CK000625,,3SZ DCK3491,GRIS,2011,,,,,,,,,,,
4,F700LG-GMDF,,NB,TERIOS LONG,32147,1064,MHKG2CN20CK000626,,3SZ DCK4648,NEGRO,2011,,,,,,,,,,,
,,,,,,,,,,,,,,,,,,,,,,
,,,,,,,,,,,,,,,,,,,,,,
,,,,,,,,,,,,,,,,,,,,,,
,"CARTA DE CREDITO / BCO, SCOTIABANK",,,,,,,,,,,,,,,,,,,,,
,VP.   :  HOJIN    LLEGO:   27.02.12,,,, ,,PRODUCCION ENERO - 2012   08  UNIDADES  JAPON  ,,,,,,,,,,,,,,,
,B/L  NYKS180900119,,,2011-,,,,,,,,,,,,,,,,,,
,F/C 13195-1201-001,,,,,,,,,,,,,,,,,,,,,
,,,,,,,,,,,,,,,,,,,,,,
,VERSION,,SPEC,MODELO,POLIZA,# ORD.,CHASIS,,MOTOR,COLOR,AÑO,TRANSM.,,,,,,,,,,FAB.
,,,,,,,,,,,,,,,,,,,,,,
1,J200LG-GMDF2,,ALLOY ,TERIOS,80897,2683,JDAJ200G0C1034362,,3SZ 2717249,NEGRO,2012,,,,,,,,,,,
2,J200LG-GMDF2,,ALLOY ,TERIOS,80896,2684,JDAJ200G0C1034385,,3SZ 2710546,VERDE BRITANICO,2012,,,,,,,,,,,
3,J200LG-GMDF2,,ALLOY ,TERIOS,80886,2685,JDAJ200G0C1034398,,3SZ 2725976,ROJO,2012,,,,,,,,,,,
4,J200LG-GMDF2,,ALLOY ,TERIOS,80916,2686,JDAJ200G0C1034399,,3SZ 2725762,BEIGE,2012,,,,,,,,,,,
5,J200LG-GMDF2,,ALLOY ,TERIOS,80891,2687,JDAJ200G0C1034421,,3SZ 2737323,GRIS,2012,,,,,,,,,,,
6,J200LG-GMDF2,,ALLOY ,TERIOS,80903,2688,JDAJ200G0C1034410,,3SZ 2718880,PLATA,2012,,,,,,,,,,,
7,J200LG-GQDF2,,BASIC,TERIOS,80911,2681,JDAJ200G0C1034393,,3SZ 2717370,VERDE BRITANICO,2012,,,,,,,,,,,
8,J200LG-GQDF2,,BASIC,TERIOS,80882,2682,JDAJ200G0C1034411,,3SZ 2716648,PLATA,2012,,,,,,,,,,,
,,,,,,,,,,,,,,,,,,,,,,
,,,,,,,,,,,,,,,,,,,,,,
,,,,,,,,,,,,,,,,,,,,,,
,"CARTA DE CREDITO / BCO, SCOTIABANK",,,,,,,,,,,,,,,,,,,,,
,VP.   : TIANJIN HIGWAY    LLEGO:  22.03.12 ,,,, ,,PRODUCCION FEBRERO - 2012   08  UNIDADES  JAPON  ,,,,,,,,,,,,,,,
,B/L  KKLUJPN386635,,,2011-,,,,,,,,,,,,,,,,,,
,F/C 13195-1202-001 ,,22.02.12,,,,,,,,,,,,,,,,,,,
,,,,,,,,,,,,,,,,,,,,,,
,VERSION,,SPEC,MODELO,POLIZA,# ORD.,CHASIS,,MOTOR,COLOR,AÑO,TRANSM.,,,,,,,,,,FAB.
,,,,,,,,,,,,,,,,,,,,,,
1,MECANCA,,ALLOY,TERIOS,117469,3811,JDAJ200G0C1034683,,3SZ 2747932,VERDE BRITANICO,2012,,,,,,,,,,,
2,MECANCA,,ALLOY,TERIOS,117476,3812,JDAJ200G0C1034716,,3SZ 2748124,VERDE BRITANICO,2012,,,,,,,,,,,
3,MECANCA,,ALLOY,TERIOS,117486,3813,JDAJ200G0C1034733,,3SZ 2748417,VERDE BRITANICO,2012,,,,,,,,,,,
4,MECANCA,,ALLOY,TERIOS,117492,3814,JDAJ200G0C1034758,,3SZ 2748483,VERDE BRITANICO,2012,,,,,,,,,,,
5,MECANCA,,SAFETY,TERIOS,117499,3815,JDAJ210G0C1128954,,3SZ 2747864,VERDE BRITANICO,2012,,,,,,,,,,,
6,MECANCA,,SAFETY,TERIOS,117507,3816,JDAJ210G0C1128982,,3SZ 2748150,VERDE BRITANICO,2012,,,,,,,,,,,
7,MECANCA,,SAFETY,TERIOS,117512,3817,JDAJ210G0C1129003,,3SZ 2748404,ROJO,2012,,,,,,,,,,,
8,MECANCA,,SAFETY,TERIOS,117524,3818,JDAJ210G0C1129046,,3SZ 2748578,GRIS,2012,,,,,,,,,,,
,,,,,,,,,,,,,,,,,,,,,,
,,,,,,,,,,,,,,,,,,,,,,
,"CARTA DE CREDITO / BCO, SCOTIABANK",,,,,,,,,,,,,,,,,,,,,
,VP.   :  CSAV RIO SERRANO   LLEGO:   22.03.12,,,, ,,PRODUCCION ENERO - 2012   04  UNIDADES  INDONESIA  ,,,,,,,,,,,,,,,
,B/L  KKLUJKT274116,,,2011-,,,,,,,,,,,,,,,,,,
,F/C EI-1401-34AB-12 ,,01.02.12,,,,,,,,,,,,,,,,,,,
,,,,,,,,,,,,,,,,,,,,,,
,VERSION,,SPEC,MODELO,POLIZA,# ORD.,CHASIS,,MOTOR,COLOR,AÑO,TRANSM.,,,,,,,,,,FAB.
,,,,,,,,,,,,,,,,,,,,,,
1,MECANICA,,NB,TERIOS LONG,117428,3821,MHKG2CN20CK000630,,3SZ DCL9814,MARRON PARDO,2012,,,,,,,,,,,
2,MECANICA,,NB,TERIOS LONG,117435,3822,MHKG2CN20CK000634,,3SZ DCM4414,PLATA,2012,,,,,,,,,,,
3,MECANICA,,NB,TERIOS LONG,117442,3823,MHKG2CN20CK000635,,3SZ DCM6215,GRIS,2012,,,,,,,,,,,
4,MECANICA,,NB,TERIOS LONG,117448,3824,MHKG2CN20CK000636,,3SZ DCM8014,NEGRO,2012,,,,,,,,,,,
,,,,,,,,,,,,,,,,,,,,,,
,,,,,,,,,,,,,,,,,,,,,,
,"CARTA DE CREDITO / BCO, SCOTIABANK",,,,,,,,,,,,,,,,,,,,,
,VP.   :     LLEGO:   ,,,, ,,PRODUCCION FEBRERO - 2012   04  UNIDADES  INDONESIA  ,,,,,,,,,,,,,,,
,B/L  NYKS940006979,,,2011-,,,,,,,,,,,,,,,,,,
,F/C EI-1402-34AB-12,,15.02.12,,,,,,,,,,,,,,,,,,,
,,,,,,,,,,,,,,,,,,,,,,
,VERSION,,SPEC,MODELO,POLIZA,# ORD.,CHASIS,,MOTOR,COLOR,AÑO,,,,,,,,,,,
,TRANSM.,,,,,,,,,,FAB.,,,,,,,,,,,
,,,,,,,,,,,,,,,,,,,,,,
1,MECANICA,,NB,TERIOS LONG,,,MHKG2CN20CK000640,,3SZ DCN2554,MARRON PARDO,2012,,,,,,,,,,,
2,MECANICA,,NB,TERIOS LONG,,,MHKG2CN20CK000641,,3SZ DCH7123,GRIS,2012,,,,,,,,,,,
3,MECANICA,,NB,TERIOS LONG,,,MHKG2CN20CK000642,,3SZ DCN8652,NEGRO,2012,,,,,,,,,,,
4,AUTOMATICA,,ZR,LUXURY,,,MHKG2CP40CK003666,,3SZ DCN4945,MARRON PARDO,2012,,,,,,,,,,,
,,,,,,,,,,,,,,,,,,,,,,
,,,,,,,,,,,,,,,,,,,,,,
,,,,,,,,,,,,,,,,,,,,,,
,"CARTA DE CREDITO / BCO, SCOTIABANK",,,,,,,,,,,,,,,,,,,,,
,VP.   :     LLEGO:   ,,,, ,,PRODUCCION MARZO - 2012   05  UNIDADES  INDONESIA  ,,,,,,,,,,,,,,,
,B/L  ,,,2011-,,,,,,,,,,,,,,,,,,
,F/C ,,15.02.12,,,,,,,,,,,,,,,,,,,
,,,,,,,,,,,,,,,,,,,,,,
,,,SPEC,MODELO,POLIZA,# ORD.,CHASIS,,MOTOR,COLOR,AÑO,TRANSM.,,VERSION,,,,,,,,FAB.
,,,,,,,,,,,,,,,,,,,,,,
1,MECANICA,,ZQ,TERIOS LONG,,,MHKG2CN20CK000643,,3SZ DCP7407,GRIS,2012,,,,,,,,,,,
2,MECANICA,,ZQ,TERIOS LONG,,,MHKG2CN20CK000645,,3SZ DCN2594,MARRON PARDO,2012,,,,,,,,,,,
3,AUTOMATICA,,ZR,LUXURY,,,MHKG2CP40CK003700,,3SZ DCD5162,PLATA,2012,,,,,,,,,,,
4,AUTOMATICA,,ZR,LUXURY,,,MHKG2CP40CK003714,,3SZ DCR0574,GRIS,2012,,,,,,,,,,,
5,AUTOMATICA,,ZR,LUXURY,,,MHKG2CP40CK003726,,3SZ DCP8006,MARRON PARDO,2012,,,,,,,,,,,
,,,,,,,,,,,,,,,,,,,,,,
,,,,,,,,,,,,,,,,,,,,,,
,,,,,,,,,,,,,,,,,,,,,,
,"CARTA DE CREDITO / BCO, SCOTIABANK",,,,,,,,,,,,,,,,,,,,,
,VP.   :     LLEGO:   ,,,, ,,PRODUCCION MARZO - 2012   06  UNIDADES  JAPON ,,,,,,,,,,,,,,,
,B/L  JPNGO-004460630-1,,,2011-,,,,,,,,,,,,,,,,,,
,F/C 13195-1203-001 ,,14.03.12,,,,,,,,,,,,,,,,,,,
,,,,,,,,,,,,,,,,,,,,,,
,,,SPEC,MODELO,POLIZA,# ORD.,CHASIS,,MOTOR,COLOR,AÑO,TRANSM.,,VERSION,,,,,,,,FAB.
,,,,,,,,,,,,,,,,,,,,,,
1,MECANICA,,ALLOY,TERIOS,,,JDAJ200G0C1034859,,3SZ 2749672,ROJO,2012,,,,,,,,,,,
2,MECANICA,,ALLOY,TERIOS,,,JDAJ200G0C1034880,,3SZ 2749739,NEGRO,2012,,,,,,,,,,,
3,MECANICA,,ALLOY,TERIOS,,,JDAJ200G0C1034916,,3SZ 2749806,PLATA,2012,,,,,,,,,,,
4,MECANICA,,ALLOY,TERIOS,,,JDAJ200G0C1034940,,3SZ 2749749,GRIS,2012,,,,,,,,,,,
5,MECANICA,,ALLOY,TERIOS,,,JDAJ200G0C1034988,,3SZ 2750107,BLANCO,2012,,,,,,,,,,,
6,AUTOMATICA,,BASIC,TERIOS,,,JDAJ200G0C1034735,,3SZ 2748181,GRIS,2012,,,,,,,,,,,
