,CDO. MODELO,MARCA,VERSION,SPEC,TRANSMISION,MODELO,POLIZA,# ORD.,CHASIS,MOTOR,COLOR,FAB,MOD,FC,Lugar,,,,
1,F700LG-GMDF,Daihatsu,ZQ,ZQ,MECANICA,TERIOS LONG ZQ,562025,18001,MHKG2CN20EK001094,3SZ DDZ5470,MARRON PARDO,2013,2014,22.12.13,INDONESIA,,,,
2,F700LG-GMDF,Daihatsu,ZQ,ZQ,MECANICA,TERIOS LONG ZQ,562028,18002,MHKG2CN20EK001095,3SZ DEA1814,BEIGE,2013,2014,22.12.13,INDONESIA,,,,
3,F700LG-GMDF,Daihatsu,ZQ,ZQ,MECANICA,TERIOS LONG ZQ,562030,18003,MHKG2CN20EK001098,3SZ DDZ8517,BLANCO,2013,2014,22.12.13,INDONESIA,,,,
4,F700LG-GMDF,Daihatsu,ZQ,ZQ,MECANICA,TERIOS LONG ZQ,562031,18004,MHKG2CN20EK001100,3SZ DEA9907,PLATA,2013,2014,22.12.13,INDONESIA,,,,
5,F700LG-GQGF,Daihatsu,LUXURY,ZR,AUTOMATICA,TERIOS LONG,562034,18005,MHKG2CP40EK004715,3SZ DDU7913,PLATA,2013,2014,22.12.13,INDONESIA,,,,
6,F700LG-GQGF,Daihatsu,LUXURY,ZR,AUTOMATICA,TERIOS LONG,562035,18006,MHKG2CP40EK004717,3SZ DDZ6231,BEIGE,2013,2014,22.12.13,INDONESIA,,,,
7,F700LG-GQGF,Daihatsu,LUXURY,ZR,AUTOMATICA,TERIOS LONG,562037,18007,MHKG2CP40EK004718,3SZ DEA7305,BLANCO,2013,2014,22.12.13,INDONESIA,,,,
8,F700LG-GQGF,Daihatsu,LUXURY,ZR,AUTOMATICA,TERIOS LONG,562039,18008,MHKG2CP40EK004719,3SZ DDX8478,NEGRO,2013,2014,22.12.13,INDONESIA,,,,
1,F700LG-GMDF,Daihatsu,ZQ,ZQ,MECANICA,TERIOS LONG ZQ,86518,003181,MHKG2CN20EK001125,3SZ DEE7905,BLANCO,2014,2014,11.03.14,INDONESIA,,,,
2,F700LG-GMDF,Daihatsu,ZQ,ZQ,MECANICA,TERIOS LONG ZQ,86517,003182,MHKG2CN20EK001133,3SZ DEF0211,MARRON PARDO,2014,2014,11.03.14,INDONESIA,,,,
3,F700LG-GMDF,Daihatsu,ZQ,ZQ,MECANICA,TERIOS LONG ZQ,86525,003183,MHKG2CN20EK001136,3SZ DEF0811,BLANCO,2014,2014,11.03.14,INDONESIA,,,,
4,F700LG-GQGF,Daihatsu,LUXURY,ZR,AUTOMATICA,TERIOS LONG,86520,003184,MHKG2CP40EK004835,3SZ DDX9366,MARRON PARDO,2014,2014,11.03.14,INDONESIA,,,,
5,F700LG-GQGF,Daihatsu,LUXURY,ZR,AUTOMATICA,TERIOS LONG,86619,003185,MHKG2CP40EK004840,3SZ DEE7903,PLATA,2014,2014,11.03.14,INDONESIA,,,,
6,F700LG-GQGF,Daihatsu,LUXURY,ZR,AUTOMATICA,TERIOS LONG,86521,003186,MHKG2CP40EK004841,3SZ DEE8806,BEIGE,2014,2014,11.03.14,INDONESIA,,,,
7,F700LG-GQGF,Daihatsu,LUXURY,ZR,AUTOMATICA,TERIOS LONG,86536,003187,MHKG2CP40EK004844,3SZ DEE6557,BLANCO,2014,2014,11.03.14,INDONESIA,,,,
8,F700LG-GQGF,Daihatsu,LUXURY,ZR,AUTOMATICA,TERIOS LONG,86524,003188,MHKG2CP40EK004847,3SZ DED6593,NEGRO,2014,2014,11.03.14,INDONESIA,,,,
9,F700LG-GQGF,Daihatsu,LUXURY,ZR,AUTOMATICA,TERIOS LONG,86493,003189,MHKG2CP40EK004851,3SZ DEF0214,GRIS,2014,2014,11.03.14,INDONESIA,,,,
10,F700LG-GQGF,Daihatsu,LUXURY,ZR,AUTOMATICA,TERIOS LONG,86500,003190,MHKG2CP40EK004855,3SZ DDY4910,MARRON PARDO,2014,2014,11.03.14,INDONESIA,,,,
1,F700LG-GMDF,Daihatsu,ZQ,ZQ,MECANICA,TERIOS LONG ZQ,,,MHKG2CN20EK001135,3SZ DEF1147,BEIGE,2014,2014,,INDONESIA,,,,
2,F700LG-GMDF,Daihatsu,ZQ,ZQ,MECANICA,TERIOS LONG ZQ,,,MHKG2CN20EK001138,3SZ DEF2060,NEGRO,2014,2014,,INDONESIA,,,,
3,F700LG-GMDF,Daihatsu,ZQ,ZQ,MECANICA,TERIOS LONG ZQ,,,MHKG2CN20EK001140,3SZ DEF4628,GRIS,2014,2014,,INDONESIA,,,,
4,F700LG-GMDF,Daihatsu,ZQ,ZQ,MECANICA,TERIOS LONG ZQ,,,MHKG2CN20EK001141,3SZ DEF3013,MARRON PARDO,2014,2014,,INDONESIA,,,,
5,F700LG-GMDF,Daihatsu,ZQ,ZQ,MECANICA,TERIOS LONG ZQ,,,MHKG2CN20EK001142,3SZ DEF3015,BEIGE,2014,2014,,INDONESIA,,,,
6,F700LG-GMDF,Daihatsu,ZQ,ZQ,MECANICA,TERIOS LONG ZQ,,,MHKG2CN20EK001143,3SZ DEF5243,PLATA,2014,2014,,INDONESIA,,,,
7,F700LG-GMDF,Daihatsu,ZQ,ZQ,MECANICA,TERIOS LONG ZQ,,,MHKG2CN20EK001144,3SZ DEF5240,NEGRO,2014,2014,,INDONESIA,,,,
8,F700LG-GMDF,Daihatsu,ZQ,ZQ,MECANICA,TERIOS LONG ZQ,,,MHKG2CN20EK001145,3SZ DEF7031,GRIS,2014,2014,,INDONESIA,,,,
9,F700LG-GMDF,Daihatsu,ZQ,ZQ,MECANICA,TERIOS LONG ZQ,,,MHKG2CN20EK001146,3SZ DEF7027,PLATA,2014,2014,,INDONESIA,,,,
10,F700LG-GMDF,Daihatsu,ZQ,ZQ,MECANICA,TERIOS LONG ZQ,,,MHKG2CN20EK001147,3SZ DEF3882,BLANCO,2014,2014,,INDONESIA,,,,
11,F700LG-GMDF,Daihatsu,ZQ,ZQ,MECANICA,TERIOS LONG ZQ,,,MHKG2CN20EK001149,3SZ DEF4659,GRIS,2014,2014,,INDONESIA,,,,
12,F700LG-GMDF,Daihatsu,ZQ,ZQ,MECANICA,TERIOS LONG ZQ,,,MHKG2CN20EK001151,3SZ DEF9332,BEIGE,2014,2014,,INDONESIA,,,,
13,F700LG-GQGF,Daihatsu,LUXURY,ZR,AUTOMATICA,TERIOS LONG LUXURY,,,MHKG2CP40EK004856,3SZ DEE9391,PLATA,2014,2014,,INDONESIA,,,,
14,F700LG-GQGF,Daihatsu,LUXURY,ZR,AUTOMATICA,TERIOS LONG LUXURY,,,MHKG2CP40EK004859,3SZ DEF1992,BEIGE,2014,2014,,INDONESIA,,,,
15,F700LG-GQGF,Daihatsu,LUXURY,ZR,AUTOMATICA,TERIOS LONG LUXURY,,,MHKG2CP40EK004863,3SZ DEE9389,GRIS,2014,2014,,INDONESIA,,,,
16,F700LG-GQGF,Daihatsu,LUXURY,ZR,AUTOMATICA,TERIOS LONG LUXURY,,,MHKG2CP40EK004864,3SZ DEF2072,BLANCO,2014,2014,,INDONESIA,,,,
17,F700LG-GQGF,Daihatsu,LUXURY,ZR,AUTOMATICA,TERIOS LONG LUXURY,,,MHKG2CP40EK004867,3SZ DEF2887,NEGRO,2014,2014,,INDONESIA,,,,
18,F700LG-GQGF,Daihatsu,LUXURY,ZR,AUTOMATICA,TERIOS LONG LUXURY,,,MHKG2CP40EK004872,3SZ DEF4663,MARRON PARDO,2014,2014,,INDONESIA,,,,
19,F700LG-GQGF,Daihatsu,LUXURY,ZR,AUTOMATICA,TERIOS LONG LUXURY,,,MHKG2CP40EK004874,3SZ DEF0850,GRIS,2014,2014,,INDONESIA,,,,
20,F700LG-GQGF,Daihatsu,LUXURY,ZR,AUTOMATICA,TERIOS LONG LUXURY,,,MHKG2CP40EK004877,3SZ DEE6835,PLATA,2014,2014,,INDONESIA,,,,
21,F700LG-GQGF,Daihatsu,LUXURY,ZR,AUTOMATICA,TERIOS LONG LUXURY,,,MHKG2CP40EK004880,3SZ DEF4666,BEIGE,2014,2014,,INDONESIA,,,,
22,F700LG-GQGF,Daihatsu,LUXURY,ZR,AUTOMATICA,TERIOS LONG LUXURY,,,MHKG2CP40EK004881,3SZ DEF8160,BLANCO,2014,2014,,INDONESIA,,,,
23,F700LG-GQGF,Daihatsu,LUXURY,ZR,AUTOMATICA,TERIOS LONG LUXURY,,,MHKG2CP40EK004884,3SZ DEF9330,NEGRO,2014,2014,,INDONESIA,,,,
24,F700LG-GQGF,Daihatsu,LUXURY,ZR,AUTOMATICA,TERIOS LONG LUXURY,,,MHKG2CP40EK004889,3SZ DEF8162,MARRON PARDO,2014,2014,,INDONESIA,,,,
1,F700LG-GMDF,Daihatsu,ZQ,ZQ,MECANICA,TERIOS LONG ZQ,,,MHKG2CN20EK001148,3SZ DEF8158,NEGRO,2014,2014,,INDONESIA,,,,
2,F700LG-GMDF,Daihatsu,ZQ,ZQ,MECANICA,TERIOS LONG ZQ,,,MHKG2CN20EK001150,3SZ DEF4661,MARRON PARDO,2014,2014,,INDONESIA,,,,
3,F700LG-GMDF,Daihatsu,ZQ,ZQ,MECANICA,TERIOS LONG ZQ,,,MHKG2CN20EK001152,3SZ DEG0049,PLATA,2014,2014,,INDONESIA,,,,
4,F700LG-GMDF,Daihatsu,ZQ,ZQ,MECANICA,TERIOS LONG ZQ,,,MHKG2CN20EK001153,3SZ DEG1096,NEGRO,2014,2014,,INDONESIA,,,,
5,F700LG-GMDF,Daihatsu,ZQ,ZQ,MECANICA,TERIOS LONG ZQ,,,MHKG2CN20EK001154,3SZ DEG1099,GRIS,2014,2014,,INDONESIA,,,,
6,F700LG-GQGF,Daihatsu,LUXURY,LUXURY,AUTOMATICA,TERIOS LONG LUXURY,,,MHKG2CP40EK004892,3SZ DEG0052,GRIS,2014,2014,,INDONESIA,,,,
2,J210LG-GQDF2,Daihatsu,SAFETY,TYH05,AUTOMATICA,TERIOS SAFETY,76519,002552,JDAJ210G0E3007003,3SZ 2860787,PLATA,2014,2014,24.01.14,JAPON,,,,
3,J210LG-GQDF2,Daihatsu,SAFETY,TYH05,AUTOMATICA,TERIOS SAFETY,76550,002553,JDAJ210G0E3007007,3SZ 2860817,GRIS,2014,2014,24.01.14,JAPON,,,,
4,J210LG-GMDF2,Daihatsu,SAFETY,TYG05,MECANICA,TERIOS SAFETY,76734,002554,JDAJ210G0E3006980,3SZ 2860539,BLANCO,2014,2014,24.01.14,JAPON,,,,
5,J210LG-GMDF2,Daihatsu,SAFETY,TYG05,MECANICA,TERIOS SAFETY,76552,002555,JDAJ210G0E3006983,3SZ 2860776,GRIS,2014,2014,24.01.14,JAPON,,,,
6,J210LG-GMDF2,Daihatsu,SAFETY,TYG05,MECANICA,TERIOS SAFETY,76561,002556,JDAJ210G0E3006991,3SZ 2861124,GUINDA,2014,2014,24.01.14,JAPON,,,,
7,J200LG-GQDF2,Daihatsu,BASIC,TYF07,AUTOMATICA,TERIOS BASIC,76571,002557,JDAJ200G0E3005440,3SZ 2854644,MARRON BRONCE,2014,2014,24.01.14,JAPON,,,,
8,J200LG-GQDF2,Daihatsu,BASIC,TYF07,AUTOMATICA,TERIOS BASIC,76627,002558,JDAJ200G0E3005470,3SZ 2858587,PLATA,2014,2014,24.01.14,JAPON,,,,
9,J200LG-GQDF2,Daihatsu,BASIC,TYF07,AUTOMATICA,TERIOS BASIC,76631,002559,JDAJ200G0E3005486,3SZ 2858754,GRIS,2014,2014,24.01.14,JAPON,,,,
10,J200LG-GQDF2,Daihatsu,BASIC,TYF07,AUTOMATICA,TERIOS BASIC,76637,002560,JDAJ200G0E3005519,3SZ 2861441,BEIGE,2014,2014,24.01.14,JAPON,,,,
11,J200LG-GMDF2,Daihatsu,ALLOY,TYE07,MECANICA,TERIOS ALLOY,76630,002561,JDAJ200G0E3005464,3SZ 2861057,NEGRO,2014,2014,24.01.14,JAPON,,,,
12,J200LG-GMDF2,Daihatsu,ALLOY,TYE07,MECANICA,TERIOS ALLOY,76638,002562,JDAJ200G0E3005478,3SZ 2861378,NEGRO,2014,2014,24.01.14,JAPON,,,,
13,J200LG-GMDF2,Daihatsu,ALLOY,TYE07,MECANICA,TERIOS ALLOY,76641,002563,JDAJ200G0E3005491,3SZ 2861181,MARRON BRONCE,2014,2014,24.01.14,JAPON,,,,
14,J200LG-GMDF2,Daihatsu,ALLOY,TYE07,MECANICA,TERIOS ALLOY,76634,002564,JDAJ200G0E3005505,3SZ 2861638,BLANCO,2014,2014,24.01.14,JAPON,,,,
15,J200LG-GMDF2,Daihatsu,ALLOY,TYE07,MECANICA,TERIOS ALLOY,76639,002565,JDAJ200G0E3005508,3SZ 2861635,MARRON BRONCE,2014,2014,24.01.14,JAPON,,,,
16,J200LG-GMDF2,Daihatsu,ALLOY,TYE07,MECANICA,TERIOS ALLOY,76644,002566,JDAJ200G0E3005498,3SZ 2861512,BLANCO,2014,2014,24.01.14,JAPON,,,,
2,J210LG-GMDF2,Daihatsu,SAFETY,TYH05,MECANICA,TERIOS SAFETY,95485,003532,JDAJ210G0E3007050,3SZ 2862445,NEGRO,2014,2014,,JAPON,,,,
3,J200LG-GQDF2,Daihatsu,BASIC,TYF07,AUTOMATICA,TERIOS BASIC,95489,003533,JDAJ200G0E3005510,3SZ 2860730,BEIGE,2014,2014,,JAPON,,,,
4,J200LG-GQDF2,Daihatsu,BASIC,TYF07,AUTOMATICA,TERIOS BASIC,95490,003534,JDAJ200G0E3005532,3SZ 2861409,BLANCO,2014,2014,,JAPON,,,,
5,J200LG-GQDF2,Daihatsu,BASIC,TYF07,AUTOMATICA,TERIOS BASIC,95496,003535,JDAJ200G0E3005547,3SZ 2856169,NEGRO,2014,2014,,JAPON,,,,
6,J200LG-GQDF2,Daihatsu,BASIC,TYF07,AUTOMATICA,TERIOS BASIC,95501,003536,JDAJ200G0E3005556,3SZ 2856106,GUINDA,2014,2014,,JAPON,,,,
7,J200LG-GMDF2,Daihatsu,ALLOY,TYE07,MECANICA,TERIOS ALLOY,95494,003537,JDAJ200G0E3005521,3SZ 2861804,BEIGE,2014,2014,,JAPON,,,,
8,J200LG-GMDF2,Daihatsu,ALLOY,TYE07,MECANICA,TERIOS ALLOY,95499,003538,JDAJ200G0E3005529,3SZ 2861806,GUINDA,2014,2014,,JAPON,,,,
9,J200LG-GMDF2,Daihatsu,ALLOY,TYE07,MECANICA,TERIOS ALLOY,95505,003539,JDAJ200G0E3005541,3SZ 2859745,GUINDA,2014,2014,,JAPON,,,,
10,J200LG-GMDF2,Daihatsu,ALLOY,TYE07,MECANICA,TERIOS ALLOY,95498,003540,JDAJ200G0E3005542,3SZ 2859797,BEIGE,2014,2014,,JAPON,,,,
11,J200LG-GMDF2,Daihatsu,ALLOY,TYE07,MECANICA,TERIOS ALLOY,95504,003541,JDAJ200G0E3005555,3SZ 2862083,BEIGE,2014,2014,,JAPON,,,,
12,J200LG-GMDF2,Daihatsu,ALLOY,TYE07,MECANICA,TERIOS ALLOY,95511,003542,JDAJ200G0E3005561,3SZ 2861418,PLATA,2014,2014,,JAPON,,,,
13,J200LG-GMDF2,Daihatsu,ALLOY,TYE07,MECANICA,TERIOS ALLOY,95503,003543,JDAJ200G0E3005565,3SZ 2861461,PLATA,2014,2014,,JAPON,,,,
14,J200LG-GMDF2,Daihatsu,ALLOY,TYE07,MECANICA,TERIOS ALLOY,95512,003544,JDAJ200G0E3005574,3SZ 2861967,GRIS,2014,2014,,JAPON,,,,
15,J200LG-GMDF2,Daihatsu,ALLOY,TYE07,MECANICA,TERIOS ALLOY,95506,003545,JDAJ200G0E3005585,3SZ 2862528,GRIS,2014,2014,,JAPON,,,,
16,J200LG-GMDF2,Daihatsu,ALLOY,TYE07,MECANICA,TERIOS ALLOY,95515,003546,JDAJ200G0E3005583,3SZ 2862288,GRIS,2014,2014,,JAPON,,,,
1,J200LG-GMDF2,Daihatsu,ALLOY,TYE07,MECANICA,TERIOS ALLOY,,,JDAJ200G0E3005660,3SZ 2863202,MARRON BRONCE,2014,2014,21.02.14,JAPON,,,,
2,J200LG-GMDF2,Daihatsu,ALLOY,TYE07,MECANICA,TERIOS ALLOY,,,JDAJ200G0E3005672,3SZ 2863286,GUINDA,2014,2014,21.02.14,JAPON,,,,
3,J200LG-GMDF2,Daihatsu,ALLOY,TYE07,MECANICA,TERIOS ALLOY,,,JDAJ200G0E3005680,3SZ 2863315,GRIS,2014,2014,21.02.14,JAPON,,,,
4,J200LG-GMDF2,Daihatsu,ALLOY,TYE07,MECANICA,TERIOS ALLOY,,,JDAJ200G0E3005691,3SZ 2864184,BEIGE,2014,2014,21.02.14,JAPON,,,,
5,J200LG-GQDF2,Daihatsu,BASIC,TYF07,AUTOMATICA,TERIOS BASIC,,,JDAJ200G0E3005649,3SZ 2861589,MARRON BRONCE,2014,2014,21.02.14,JAPON,,,,
6,J200LG-GQDF2,Daihatsu,BASIC,TYF07,AUTOMATICA,TERIOS BASIC,,,JDAJ200G0E3005653,3SZ 2861672,GUINDA,2014,2014,21.02.14,JAPON,,,,
7,J200LG-GQDF2,Daihatsu,BASIC,TYF07,AUTOMATICA,TERIOS BASIC,,,JDAJ200G0E3005661,3SZ 2861770,BEIGE,2014,2014,21.02.14,JAPON,,,,
8,J200LG-GQDF2,Daihatsu,BASIC,TYF07,AUTOMATICA,TERIOS BASIC,,,JDAJ200G0E3005666,3SZ 2861851,NEGRO,2014,2014,21.02.14,JAPON,,,,
1,F700LG-GMDF,Daihatsu,ZQ,ZQ,MECANICA,TERIOS LONG ZQ,,,MHKG2CN20EK001155,3SZ DEG0046,NEGRO,2014,2014,,INDONESIA,,,,
2,F700LG-GMDF,Daihatsu,ZQ,ZQ,MECANICA,TERIOS LONG ZQ,,,MHKG2CN20EK001156,3SZ DEG2796,PLATA,2014,2014,,INDONESIA,,,,
3,F700LG-GMDF,Daihatsu,ZQ,ZQ,MECANICA,TERIOS LONG ZQ,,,MHKG2CN20EK001158,3SZ DEG4209,GRIS,2014,2014,,INDONESIA,,,,
4,F700LG-GMDF,Daihatsu,ZQ,ZQ,MECANICA,TERIOS LONG ZQ,,,MHKG2CN20EK001160,3SZ DEG7629,MARRON PARDO,2014,2014,,INDONESIA,,,,
5,F700LG-GQGF,Daihatsu,LUXURY,ZR,AUTOMATICA,TERIOS LONG LUXURY,,,MHKG2CP40EK004905,3SZ DEF5266,GRIS,2014,2014,,INDONESIA,,,,
6,F700LG-GQGF,Daihatsu,LUXURY,ZR,AUTOMATICA,TERIOS LONG LUXURY,,,MHKG2CP40EK004906,3SZ DEF8877,MARRON PARDO,2014,2014,,INDONESIA,,,,
7,F700LG-GQGF,Daihatsu,LUXURY,ZR,AUTOMATICA,TERIOS LONG LUXURY,,,MHKG2CP40EK004907,3SZ DEF3886,PLATA,2014,2014,,INDONESIA,,,,
8,F700LG-GQGF,Daihatsu,LUXURY,ZR,AUTOMATICA,TERIOS LONG LUXURY,,,MHKG2CP40EK004909,3SZ DEG6307,BEIGE,2014,2014,,INDONESIA,,,,
1,SC6901,CHANGAN,,BUS,,INCAPOWER METROGAS,54983,001981,LS4A175Z9DG002913,B4AFDD00004,BLANCO CON ROJO,2013,2013,30.12.13,CHINA,,,,
2,SC6901,CHANGAN,,BUS,,INCAPOWER METROGAS,55017,001982,LS4A175Z7DG002912,B4AFDD00003,BLANCO CON ROJO,2013,2013,30.12.13,CHINA,,,,
1,BJ1040P1S31,BAW,,BARANDA,,INCAPOWER B20,67226,001241,LHBPA1SD5EN205028,4D22E Q130903520Z,BLANCO,2013,2014,02.01.14,CHINA,,,,
2,BJ1040P1S31,BAW,,BARANDA,,INCAPOWER B20,67231,001242,LHBPA1SD2EN205035,4D22E Q130903513Z,BLANCO,2013,2014,02.01.14,CHINA,,,,
3,BJ1040P1S31,BAW,,BARANDA,,INCAPOWER B20,67245,001243,LHBPA1SD7EN205032,4D22E Q130903501Z,BLANCO,2013,2014,02.01.14,CHINA,,,,
4,BJ1040P1S31,BAW,,BARANDA,,INCAPOWER B20,67233,001244,LHBPA1SD3EN205030,4D22E Q130903506Z,BLANCO,2013,2014,02.01.14,CHINA,,,,
5,BJ1040P1S31,BAW,,BARANDA,,INCAPOWER B20,67249,001245,LHBPA1SD7EN205029,4D22E Q130903522Z,BLANCO,2013,2014,02.01.14,CHINA,,,,
6,BJ1040P1S31,BAW,,BARANDA,,INCAPOWER B20,67241,001246,LHBPA1SDXEN205025,4D22E Q130903518Z,BLANCO,2013,2014,02.01.14,CHINA,,,,
7,BJ1040P1S31,BAW,,BARANDA,,INCAPOWER B20,67253,001247,LHBPA1SD0EN205034,4D22E Q130903511Z,BLANCO,2013,2014,02.01.14,CHINA,,,,
8,BJ1040P1S31,BAW,,BARANDA,,INCAPOWER B20,67223,001248,LHBPA1SD5EN205031,4D22E Q130903507Z,BLANCO,2013,2014,02.01.14,CHINA,,,,
9,BJ1040P1S31,BAW,,BARANDA,,INCAPOWER B20,67230,001249,LHBPA1SD1EN205026,4D22E Q130903505Z,BLANCO,2013,2014,02.01.14,CHINA,,,,
10,BJ1040P1S31,BAW,,BARANDA,,INCAPOWER B20,67225,001250,LHBPA1SD9EN205033,4D22E Q130903515Z,BLANCO,2013,2014,02.01.14,CHINA,,,,
11,BJ1040P1S31,BAW,,BARANDA,,INCAPOWER B20,67232,001251,LHBPA1SD4EN205036,4D22E Q130903516Z,BLANCO,2013,2014,02.01.14,CHINA,,,,
12,BJ1040P1S31,BAW,,BARANDA,,INCAPOWER B20,67234,001252,LHBPA1SD3EN205027,4D22E Q130903514Z,BLANCO,2013,2014,02.01.14,CHINA,,,,
1,GA6380SE4/SDF-85,GONOW,,MULTIPROPOSITO,,INCAPOWER SUPERVAN,77203,002761,LCR6U3124EX608424,LJ474Q3E2 D12413791,BEIGE,2014,2014,14.01.14,CHINA,,,,
2,GA6380SE4/SDF-85,GONOW,,MULTIPROPOSITO,,INCAPOWER SUPERVAN,77207,002762,LCR6U3121EX608400,LJ474Q3E2 D12413807,BEIGE,2014,2014,14.01.14,CHINA,,,,
3,GA6380SE4/SDF-85,GONOW,,MULTIPROPOSITO,,INCAPOWER SUPERVAN,77210,002763,LCR6U3121EX608476,LJ474Q3E2 D12413788,BEIGE,2014,2014,14.01.14,CHINA,,,,
4,GA6380SE4/SDF-85,GONOW,,MULTIPROPOSITO,,INCAPOWER SUPERVAN,77208,002764,LCR6U3125EX608402,LJ474Q3E2 D06540058,BEIGE,2014,2014,14.01.14,CHINA,,,,
5,GA6380SE4/SDF-85,GONOW,,MULTIPROPOSITO,,INCAPOWER SUPERVAN,77215,002765,LCR6U3123EX608401,LJ474Q3E2 D06540069,BEIGE,2014,2014,14.01.14,CHINA,,,,
6,GA6380SE4/SDF-85,GONOW,,MULTIPROPOSITO,,INCAPOWER SUPERVAN,77211,002766,LCR6U3121EX608428,LJ474Q3E2 D06540031,BEIGE,2014,2014,14.01.14,CHINA,,,,
7,GA6380SE4/SDF-85,GONOW,,MULTIPROPOSITO,,INCAPOWER SUPERVAN,77216,002767,LCR6U3123EX608477,LJ474Q3E2 D12413731,BEIGE,2014,2014,14.01.14,CHINA,,,,
8,GA6380SE4/SDF-85,GONOW,,MULTIPROPOSITO,,INCAPOWER SUPERVAN,77209,002768,LCR6U3127EX608417,LJ474Q3E2 D12413714,BEIGE,2014,2014,14.01.14,CHINA,,,,
9,GA6380SE4/SDF-85,GONOW,,MULTIPROPOSITO,,INCAPOWER SUPERVAN,77213,002769,LCR6U3126EX608411,LJ474Q3E2 D12413787,AZUL,2014,2014,14.01.14,CHINA,,,,
10,GA6380SE4/SDF-85,GONOW,,MULTIPROPOSITO,,INCAPOWER SUPERVAN,77218,002770,LCR6U3127EX608420,LJ474Q3E2 D12413852,AZUL,2014,2014,14.01.14,CHINA,,,,
11,GA6380SE4/SDF-85,GONOW,,MULTIPROPOSITO,,INCAPOWER SUPERVAN,77223,002771,LCR6U3124EX608391,LJ474Q3E2 D12413836,AZUL,2014,2014,14.01.14,CHINA,,,,
12,GA6380SE4/SDF-85,GONOW,,MULTIPROPOSITO,,INCAPOWER SUPERVAN,77219,002772,LCR6U3120EX608422,LJ474Q3E2 D12413863,AZUL,2014,2014,14.01.14,CHINA,,,,
13,GA6380SE4/SDF-85,GONOW,,MULTIPROPOSITO,,INCAPOWER SUPERVAN,77226,002773,LCR6U3126EX608456,LJ474Q3E2 D12413783,AZUL,2014,2014,14.01.14,CHINA,,,,
14,GA6380SE4/SDF-85,GONOW,,MULTIPROPOSITO,,INCAPOWER SUPERVAN,77229,002774,LCR6U312XEX608475,LJ474Q3E2 D12413824,AZUL,2014,2014,14.01.14,CHINA,,,,
15,GA6380SE4/SDF-85,GONOW,,MULTIPROPOSITO,,INCAPOWER SUPERVAN,77220,002775,LCR6U3120EX608436,LJ474Q3E2 D12413815,AZUL,2014,2014,14.01.14,CHINA,,,,
16,GA6380SE4/SDF-85,GONOW,,MULTIPROPOSITO,,INCAPOWER SUPERVAN,77227,002776,LCR6U3127EX608479,LJ474Q3E2 D12413792,AZUL,2014,2014,14.01.14,CHINA,,,,
17,GA6380SE4/SDF-85,GONOW,,MULTIPROPOSITO,,INCAPOWER SUPERVAN,77230,002777,LCR6U3124EX608455,LJ474Q3E2 D12413769,AZUL,2014,2014,14.01.14,CHINA,,,,
18,GA6380SE4/SDF-85,GONOW,,MULTIPROPOSITO,,INCAPOWER SUPERVAN,77221,002778,LCR6U3120EX608467,LJ474Q3E2 D12413771,AZUL,2014,2014,14.01.14,CHINA,,,,
19,GA6380SE4/SDF-85,GONOW,,MULTIPROPOSITO,,INCAPOWER SUPERVAN,77228,002779,LCR6U3122EX608468,LJ474Q3E2 D12413720,AZUL,2014,2014,14.01.14,CHINA,,,,
20,GA6380SE4/SDF-85,GONOW,,MULTIPROPOSITO,,INCAPOWER SUPERVAN,77232,002780,LCR6U3129EX608435,LJ474Q3E2 D12413718,AZUL,2014,2014,14.01.14,CHINA,,,,
21,GA6380SE4/SDF-85,GONOW,,MULTIPROPOSITO,,INCAPOWER SUPERVAN,77236,002781,LCR6U3123EX608463,LJ474Q3E2 D12413737,AZUL,2014,2014,14.01.14,CHINA,,,,
22,GA6380SE4/SDF-85,GONOW,,MULTIPROPOSITO,,INCAPOWER SUPERVAN,77240,002782,LCR6U312XEX608458,LJ474Q3E2 D12413772,AZUL,2014,2014,14.01.14,CHINA,,,,
23,GA6380SE4/SDF-85,GONOW,,MULTIPROPOSITO,,INCAPOWER SUPERVAN,77233,002783,LCR6U3125EX608464,LJ474Q3E2 D12413793,AZUL,2014,2014,14.01.14,CHINA,,,,
24,GA6380SE4/SDF-85,GONOW,,MULTIPROPOSITO,,INCAPOWER SUPERVAN,77238,002784,LCR6U3124EX608407,LJ474Q3E2 D12413773,AZUL,2014,2014,14.01.14,CHINA,,,,
25,GA6380SE4/SDF-85,GONOW,,MULTIPROPOSITO,,INCAPOWER SUPERVAN,77241,002785,LCR6U3120EX608470,LJ474Q3E2 D12413726,AZUL,2014,2014,14.01.14,CHINA,,,,
26,GA6380SE4/SDF-85,GONOW,,MULTIPROPOSITO,,INCAPOWER SUPERVAN,77234,002786,LCR6U3129EX608449,LJ474Q3E2 D12413818,ROJO,2014,2014,14.01.14,CHINA,,,,
27,GA6380SE4/SDF-85,GONOW,,MULTIPROPOSITO,,INCAPOWER SUPERVAN,77239,002787,LCR6U3124EX608472,LJ474Q3E2 D12413784,ROJO,2014,2014,14.01.14,CHINA,,,,
28,GA6380SE4/SDF-85,GONOW,,MULTIPROPOSITO,,INCAPOWER SUPERVAN,77242,002788,LCR6U3126EX608473,LJ474Q3E2 D12413760,ROJO,2014,2014,14.01.14,CHINA,,,,
29,GA6380SE4/SDF-85,GONOW,,MULTIPROPOSITO,,INCAPOWER SUPERVAN,77235,002789,LCR6U3126EX608425,LJ474Q3E2 D12413715,ROJO,2014,2014,14.01.14,CHINA,,,,
30,GA6380SE4/SDF-85,GONOW,,MULTIPROPOSITO,,INCAPOWER SUPERVAN,77256,002790,LCR6U3124EX608469,LJ474Q3E2 D12413748,ROJO,2014,2014,14.01.14,CHINA,,,,
31,GA6380SE4/SDF-85,GONOW,,MULTIPROPOSITO,,INCAPOWER SUPERVAN,77263,002791,LCR6U3125EX608433,LJ474Q3E2 D12413719,ROJO,2014,2014,14.01.14,CHINA,,,,
32,GA6380SE4/SDF-85,GONOW,,MULTIPROPOSITO,,INCAPOWER SUPERVAN,77269,002792,LCR6U312XEX608413,LJ474Q3E2 D12413742,ROJO,2014,2014,14.01.14,CHINA,,,,
33,GA6380SE4/SDF-85,GONOW,,MULTIPROPOSITO,,INCAPOWER SUPERVAN,77260,002793,LCR6U3129EX608421,LJ474Q3E2 D12413770,ROJO,2014,2014,14.01.14,CHINA,,,,
34,GA6380SE4/SDF-85,GONOW,,MULTIPROPOSITO,,INCAPOWER SUPERVAN,77267,002794,LCR6U3129EX608399,LJ474Q3E2 D12413827,ROJO,2014,2014,14.01.14,CHINA,,,,
35,GA6380SE4/SDF-85,GONOW,,MULTIPROPOSITO,,INCAPOWER SUPERVAN,77272,002795,LCR6U3122EX608423,LJ474Q3E2 D12413809,ROJO,2014,2014,14.01.14,CHINA,,,,
36,GA6380SE4/SDF-85,GONOW,,MULTIPROPOSITO,,INCAPOWER SUPERVAN,77261,002796,LCR6U3129EX608418,LJ474Q3E2 D06540053,PLATA,2014,2014,14.01.14,CHINA,,,,
37,GA6380SE4/SDF-85,GONOW,,MULTIPROPOSITO,,INCAPOWER SUPERVAN,77268,002797,LCR6U312XEX608427,LJ474Q3E2 D06540068,PLATA,2014,2014,14.01.14,CHINA,,,,
38,GA6380SE4/SDF-85,GONOW,,MULTIPROPOSITO,,INCAPOWER SUPERVAN,77271,002798,LCR6U3126EX608389,LJ474Q3E2 D06540071,PLATA,2014,2014,14.01.14,CHINA,,,,
39,GA6380SE4/SDF-85,GONOW,,MULTIPROPOSITO,,INCAPOWER SUPERVAN,77290,002799,LCR6U3127EX608403,LJ474Q3E2 D06540064,PLATA,2014,2014,14.01.14,CHINA,,,,
40,GA6380SE4/SDF-85,GONOW,,MULTIPROPOSITO,,INCAPOWER SUPERVAN,77244,002800,LCR6U3126EX608442,LJ474Q3E2 D12413828,PLATA,2014,2014,14.01.14,CHINA,,,,
41,GA6380SE4/SDF-85,GONOW,,MULTIPROPOSITO,,INCAPOWER SUPERVAN,77249,002801,LCR6U3126EX608408,LJ474Q3E2 D06540072,BLANCO,2014,2014,14.01.14,CHINA,,,,
42,GA6380SE4/SDF-85,GONOW,,MULTIPROPOSITO,,INCAPOWER SUPERVAN,77253,002802,LCR6U3128EX608409,LJ474Q3E2 D06540070,BLANCO,2014,2014,14.01.14,CHINA,,,,
43,GA6380SE4/SDF-85,GONOW,,MULTIPROPOSITO,,INCAPOWER SUPERVAN,77245,002803,LCR6U3123EX608396,LJ474Q3E2 D06540041,BLANCO,2014,2014,14.01.14,CHINA,,,,
44,GA6380SE4/SDF-85,GONOW,,MULTIPROPOSITO,,INCAPOWER SUPERVAN,77250,002804,LCR6U3128EX608457,LJ474Q3E2 D06540034,BLANCO,2014,2014,14.01.14,CHINA,,,,
45,GA6380SE4/SDF-85,GONOW,,MULTIPROPOSITO,,INCAPOWER SUPERVAN,77255,002805,LCR6U3129EX608404,LJ474Q3E2 D06540076,BLANCO,2014,2014,14.01.14,CHINA,,,,
46,GA6380SE4/SDF-85,GONOW,,MULTIPROPOSITO,,INCAPOWER SUPERVAN,77246,002806,LCR6U3125EX608416,LJ474Q3E2 D06540074,BLANCO,2014,2014,14.01.14,CHINA,,,,
47,GA6380SE4/SDF-85,GONOW,,MULTIPROPOSITO,,INCAPOWER SUPERVAN,77252,002807,LCR6U3121EX608395,LJ474Q3E2 D06540049,BLANCO,2014,2014,14.01.14,CHINA,,,,
48,GA6380SE4/SDF-85,GONOW,,MULTIPROPOSITO,,INCAPOWER SUPERVAN,77257,002808,LCR6U3129EX608385,LJ474Q3E2 D06540040,BLANCO,2014,2014,14.01.14,CHINA,,,,
49,GA6380SE4/SDF-85,GONOW,,MULTIPROPOSITO,,INCAPOWER SUPERVAN,77247,002809,LCR6U312XEX608394,LJ474Q3E2 D06540044,BLANCO,2014,2014,14.01.14,CHINA,,,,
50,GA6380SE4/SDF-85,GONOW,,MULTIPROPOSITO,,INCAPOWER SUPERVAN,77248,002810,LCR6U3127EX608398,LJ474Q3E2 D06540059,BLANCO,2014,2014,14.01.14,CHINA,,,,
1,GA6380SE4/SDF-85,GONOW,,MULTIPROPOSITO,,INCAPOWER SUPERVAN,77058,002811,LCR6U3121EX608431,LJ474Q3E2 D12413740,BEIGE,2014,2014,14.01.14,CHINA,,,,
2,GA6380SE4/SDF-85,GONOW,,MULTIPROPOSITO,,INCAPOWER SUPERVAN,77069,002812,LCR6U3125EX608478,LJ474Q3E2 D12413744,BEIGE,2014,2014,14.01.14,CHINA,,,,
3,GA6380SE4/SDF-85,GONOW,,MULTIPROPOSITO,,INCAPOWER SUPERVAN,77081,002813,LCR6U3127EX608448,LJ474Q3E2 D12413861,BEIGE,2014,2014,14.01.14,CHINA,,,,
4,GA6380SE4/SDF-85,GONOW,,MULTIPROPOSITO,,INCAPOWER SUPERVAN,77090,002814,LCR6U3128EX608443,LJ474Q3E2 D12413749,BEIGE,2014,2014,14.01.14,CHINA,,,,
5,GA6380SE4/SDF-85,GONOW,,MULTIPROPOSITO,,INCAPOWER SUPERVAN,77178,002815,LCR6U3123EX608446,LJ474Q3E2 D12413724,BEIGE,2014,2014,14.01.14,CHINA,,,,
6,GA6380SE4/SDF-85,GONOW,,MULTIPROPOSITO,,INCAPOWER SUPERVAN,77070,002816,LCR6U3120EX608453,LJ474Q3E2 D12413745,BEIGE,2014,2014,14.01.14,CHINA,,,,
7,GA6380SE4/SDF-85,GONOW,,MULTIPROPOSITO,,INCAPOWER SUPERVAN,77180,002817,LCR6U3128EX608474,LJ474Q3E2 D12413837,BEIGE,2014,2014,14.01.14,CHINA,,,,
8,GA6380SE4/SDF-85,GONOW,,MULTIPROPOSITO,,INCAPOWER SUPERVAN,77183,002818,LCR6U312XEX608430,LJ474Q3E2 D12413725,AZUL,2014,2014,14.01.14,CHINA,,,,
9,GA6380SE4/SDF-85,GONOW,,MULTIPROPOSITO,,INCAPOWER SUPERVAN,77189,002819,LCR6U3120EX608386,LJ474Q3E2 D12413739,AZUL,2014,2014,14.01.14,CHINA,,,,
10,GA6380SE4/SDF-85,GONOW,,MULTIPROPOSITO,,INCAPOWER SUPERVAN,77185,002820,LCR6U3128EX608426,LJ474Q3E2 D12413844,AZUL,2014,2014,14.01.14,CHINA,,,,
11,GA6380SE4/SDF-85,GONOW,,MULTIPROPOSITO,,INCAPOWER SUPERVAN,77093,002821,LCR6U3129EX608466,LJ474Q3E2 D12413845,AZUL,2014,2014,14.01.14,CHINA,,,,
12,GA6380SE4/SDF-85,GONOW,,MULTIPROPOSITO,,INCAPOWER SUPERVAN,77099,002822,LCR6U3128EX608460,LJ474Q3E2 D12413786,AZUL,2014,2014,14.01.14,CHINA,,,,
13,GA6380SE4/SDF-85,GONOW,,MULTIPROPOSITO,,INCAPOWER SUPERVAN,77105,002823,LCR6U3123EX608429,LJ474Q3E2 D12413803,AZUL,2014,2014,14.01.14,CHINA,,,,
14,GA6380SE4/SDF-85,GONOW,,MULTIPROPOSITO,,INCAPOWER SUPERVAN,77107,002824,LCR6U3120EX608419,LJ474Q3E2 D12413779,AZUL,2014,2014,14.01.14,CHINA,,,,
15,GA6380SE4/SDF-85,GONOW,,MULTIPROPOSITO,,INCAPOWER SUPERVAN,77111,002825,LCR6U3123EX608415,LJ474Q3E2 D12413859,AZUL,2014,2014,14.01.14,CHINA,,,,
16,GA6380SE4/SDF-85,GONOW,,MULTIPROPOSITO,,INCAPOWER SUPERVAN,77106,002826,LCR6U3126EX608439,LJ474Q3E2 D12413732,AZUL,2014,2014,14.01.14,CHINA,,,,
17,GA6380SE4/SDF-85,GONOW,,MULTIPROPOSITO,,INCAPOWER SUPERVAN,77187,002827,LCR6U3124EX608438,LJ474Q3E2 D12413730,AZUL,2014,2014,14.01.14,CHINA,,,,
18,GA6380SE4/SDF-85,GONOW,,MULTIPROPOSITO,,INCAPOWER SUPERVAN,77108,002828,LCR6U3122EX608471,LJ474Q3E2 D12413723,AZUL,2014,2014,14.01.14,CHINA,,,,
19,GA6380SE4/SDF-85,GONOW,,MULTIPROPOSITO,,INCAPOWER SUPERVAN,77109,002829,LCR6U3121EX608462,LJ474Q3E2 D12413762,AZUL,2014,2014,14.01.14,CHINA,,,,
20,GA6380SE4/SDF-85,GONOW,,MULTIPROPOSITO,,INCAPOWER SUPERVAN,77137,002830,LCR6U3124EX608441,LJ474Q3E2 D12413751,AZUL,2014,2014,14.01.14,CHINA,,,,
21,GA6380SE4/SDF-85,GONOW,,MULTIPROPOSITO,,INCAPOWER SUPERVAN,77145,002831,LCR6U312XEX608444,LJ474Q3E2 D12413823,AZUL,2014,2014,14.01.14,CHINA,,,,
22,GA6380SE4/SDF-85,GONOW,,MULTIPROPOSITO,,INCAPOWER SUPERVAN,77151,002832,LCR6U3120EX608405,LJ474Q3E2 D12413811,AZUL,2014,2014,14.01.14,CHINA,,,,
23,GA6380SE4/SDF-85,GONOW,,MULTIPROPOSITO,,INCAPOWER SUPERVAN,77136,002833,LCR6U3127EX608434,LJ474Q3E2 D12413816,AZUL,2014,2014,14.01.14,CHINA,,,,
24,GA6380SE4/SDF-85,GONOW,,MULTIPROPOSITO,,INCAPOWER SUPERVAN,77144,002834,LCR6U3122EX608454,LJ474Q3E2 D12413761,ROJO,2014,2014,14.01.14,CHINA,,,,
25,GA6380SE4/SDF-85,GONOW,,MULTIPROPOSITO,,INCAPOWER SUPERVAN,77150,002835,LCR6U3123EX608432,LJ474Q3E2 D12413812,ROJO,2014,2014,14.01.14,CHINA,,,,
26,GA6380SE4/SDF-85,GONOW,,MULTIPROPOSITO,,INCAPOWER SUPERVAN,77138,002836,LCR6U312XEX608461,LJ474Q3E2 D12413822,ROJO,2014,2014,14.01.14,CHINA,,,,
27,GA6380SE4/SDF-85,GONOW,,MULTIPROPOSITO,,INCAPOWER SUPERVAN,77147,002837,LCR6U3122EX608440,LJ474Q3E2 D12413817,ROJO,2014,2014,14.01.14,CHINA,,,,
28,GA6380SE4/SDF-85,GONOW,,MULTIPROPOSITO,,INCAPOWER SUPERVAN,77152,002838,LCR6U3122EX608437,LJ474Q3E2 D12413782,ROJO,2014,2014,14.01.14,CHINA,,,,
29,GA6380SE4/SDF-85,GONOW,,MULTIPROPOSITO,,INCAPOWER SUPERVAN,77139,002839,LCR6U3128EX608393,LJ474Q3E2 D12413805,ROJO,2014,2014,14.01.14,CHINA,,,,
30,GA6380SE4/SDF-85,GONOW,,MULTIPROPOSITO,,INCAPOWER SUPERVAN,77192,002840,LCR6U3127EX608465,LJ474Q3E2 D12413775,ROJO,2014,2014,14.01.14,CHINA,,,,
31,GA6380SE4/SDF-85,GONOW,,MULTIPROPOSITO,,INCAPOWER SUPERVAN,77155,002841,LCR6U3121EX608459,LJ474Q3E2 D12413790,ROJO,2014,2014,14.01.14,CHINA,,,,
32,GA6380SE4/SDF-85,GONOW,,MULTIPROPOSITO,,INCAPOWER SUPERVAN,77160,002842,LCR6U3125EX608383,LJ474Q3E2 D12413804,ROJO,2014,2014,14.01.14,CHINA,,,,
33,GA6380SE4/SDF-85,GONOW,,MULTIPROPOSITO,,INCAPOWER SUPERVAN,77156,002843,LCR6U3124EX608410,LJ474Q3E2 D12413777,ROJO,2014,2014,14.01.14,CHINA,,,,
34,GA6380SE4/SDF-85,GONOW,,MULTIPROPOSITO,,INCAPOWER SUPERVAN,77161,002844,LCR6U3122EX608406,LJ474Q3E2 D12413821,PLATA,2014,2014,14.01.14,CHINA,,,,
35,GA6380SE4/SDF-85,GONOW,,MULTIPROPOSITO,,INCAPOWER SUPERVAN,77165,002845,LCR6U3121EX608445,LJ474Q3E2 D12413810,PLATA,2014,2014,14.01.14,CHINA,,,,
36,GA6380SE4/SDF-85,GONOW,,MULTIPROPOSITO,,INCAPOWER SUPERVAN,77157,002846,LCR6U3125EX608447,LJ474Q3E2 D06540030,PLATA,2014,2014,14.01.14,CHINA,,,,
37,GA6380SE4/SDF-85,GONOW,,MULTIPROPOSITO,,INCAPOWER SUPERVAN,77162,002847,LCR6U3125EX608450,LJ474Q3E2 D06540033,PLATA,2014,2014,14.01.14,CHINA,,,,
38,GA6380SE4/SDF-85,GONOW,,MULTIPROPOSITO,,INCAPOWER SUPERVAN,77167,002848,LCR6U3129EX608452,LJ474Q3E2 D12413813,PLATA,2014,2014,14.01.14,CHINA,,,,
39,GA6380SE4/SDF-85,GONOW,,MULTIPROPOSITO,,INCAPOWER SUPERVAN,77158,002849,LCR6U3126EX608392,LJ474Q3E2 D06540056,BLANCO,2014,2014,14.01.14,CHINA,,,,
40,GA6380SE4/SDF-85,GONOW,,MULTIPROPOSITO,,INCAPOWER SUPERVAN,77169,002850,LCR6U3124EX608388,LJ474Q3E2 D06540043,BLANCO,2014,2014,14.01.14,CHINA,,,,
41,GA6380SE4/SDF-85,GONOW,,MULTIPROPOSITO,,INCAPOWER SUPERVAN,77174,002851,LCR6U3122EX608390,LJ474Q3E2 D06540054,BLANCO,2014,2014,14.01.14,CHINA,,,,
42,GA6380SE4/SDF-85,GONOW,,MULTIPROPOSITO,,INCAPOWER SUPERVAN,77171,002852,LCR6U3127EX608384,LJ474Q3E2 D06540032,BLANCO,2014,2014,14.01.14,CHINA,,,,
43,GA6380SE4/SDF-85,GONOW,,MULTIPROPOSITO,,INCAPOWER SUPERVAN,77182,002853,LCR6U3122EX608387,LJ474Q3E2 D06540061,BLANCO,2014,2014,14.01.14,CHINA,,,,
44,GA6380SE4/SDF-85,GONOW,,MULTIPROPOSITO,,INCAPOWER SUPERVAN,77177,002854,LCR6U3123EX608382,LJ474Q3E2 D06540075,BLANCO,2014,2014,14.01.14,CHINA,,,,
45,GA6380SE4/SDF-85,GONOW,,MULTIPROPOSITO,,INCAPOWER SUPERVAN,77184,002855,LCR6U3121EX608414,LJ474Q3E2 D06540057,BLANCO,2014,2014,14.01.14,CHINA,,,,
46,GA6380SE4/SDF-85,GONOW,,MULTIPROPOSITO,,INCAPOWER SUPERVAN,77172,002856,LCR6U3125EX608397,LJ474Q3E2 D06540037,BLANCO,2014,2014,14.01.14,CHINA,,,,
47,GA6380SE4/SDF-85,GONOW,,MULTIPROPOSITO,,INCAPOWER SUPERVAN,77181,002857,LCR6U3128EX608412,LJ474Q3E2 D06540055,BLANCO,2014,2014,14.01.14,CHINA,,,,
48,GA6380SE4/SDF-85,GONOW,,MULTIPROPOSITO,,INCAPOWER SUPERVAN,77186,002858,LCR6U3127EX608451,LJ474Q3E2 D06540060,BLANCO,2014,2014,14.01.14,CHINA,,,,
1,BJ1040P1S31,BAW,,BARANDA,,INCAPOWER B20,100531,,LHBPA1SD4EN205053,4D22E Q130903508Z,BLANCO,2014,2014,15.01.14,CHINA,,,,
2,BJ1040P1S31,BAW,,BARANDA,,INCAPOWER B20,100555,,LHBPA1SD8EN205038,4D22E Q130903512Z,BLANCO,2014,2014,15.01.14,CHINA,,,,
3,BJ1040P1S31,BAW,,BARANDA,,INCAPOWER B20,100576,,LHBPA1SD6EN205054,4D22E Q130903499Z,BLANCO,2014,2014,15.01.14,CHINA,,,,
4,BJ1040P1S31,BAW,,BARANDA,,INCAPOWER B20,100543,,LHBPA1SD1EN205074,4D22E Q130903521Z,BLANCO,2014,2014,15.01.14,CHINA,,,,
5,BJ1040P1S31,BAW,,BARANDA,,INCAPOWER B20,100566,,LHBPA1SD7EN205063,4D22E Q130903510Z,BLANCO,2014,2014,15.01.14,CHINA,,,,
6,BJ1040P1S31,BAW,,BARANDA,,INCAPOWER B20,100584,,LHBPA1SD3EN205075,4D22E Q130903509Z,BLANCO,2014,2014,15.01.14,CHINA,,,,
7,BJ1040P1S31,BAW,,BARANDA,,INCAPOWER B20,100547,,LHBPA1SD8EN205055,4D22E Q130903502Z,BLANCO,2014,2014,15.01.14,CHINA,,,,
8,BJ1040P1S31,BAW,,BARANDA,,INCAPOWER B20,100570,,LHBPA1SD6EN205037,4D22E Q130903500Z,BLANCO,2014,2014,15.01.14,CHINA,,,,
9,BJ1040P1S31,BAW,,BARANDA,,INCAPOWER B20,100590,,LHBPA1SDXEN205042,4D22E Q130903517Z,BLANCO,2014,2014,15.01.14,CHINA,,,,
10,BJ1040P1S31,BAW,,BARANDA,,INCAPOWER B20,100556,,LHBPA1SD6EN205040,4D22E Q130903519Z,BLANCO,2014,2014,15.01.14,CHINA,,,,
11,BJ1040P1S31,BAW,,BARANDA,,INCAPOWER B20,100578,,LHBPA1SDXEN205056,4D22E Q130903504Z,BLANCO,2014,2014,15.01.14,CHINA,,,,
12,BJ1040P1S31,BAW,,BARANDA,,INCAPOWER B20,100593,,LHBPA1SDXEN205039,4D22E Q130903503Z,BLANCO,2014,2014,15.01.14,CHINA,,,,
1,BJ3102V4PDB-A3,FORLAND,,VOLQUETE,,INCAPOWER FD130,74787,002861,LVBDLPHD4EN029975,YC6J19020J1DM1D00118,AZUL,2014,2014,19.01.14,CHINA,,,,
2,BJ3102V4PDB-A3,FORLAND,,VOLQUETE,,INCAPOWER FD130,74795,002862,LVBDLPHD6EN029976,YC6J19020J1DM1D00117,ROJO,2014,2014,19.01.14,CHINA,,,,
3,BJ3102V4PDB-A3,FORLAND,,VOLQUETE,,INCAPOWER FD130,74804,002863,LVBDLPHD8EN029977,YC6J19020J1DM1D00115,ROJO,2014,2014,19.01.14,CHINA,,,,
4,BJ3102V4PDB-A3,FORLAND,,VOLQUETE,,INCAPOWER FD130,74788,002864,LVBDLPHDXEN029978,YC6J19020J1DM1D00114,ROJO,2014,2014,19.01.14,CHINA,,,,
5,BJ3102V4PDB-A3,FORLAND,,VOLQUETE,,INCAPOWER FD130,74790,002865,LVBDLPHD1EN029979,YC6J19020J1DM1D00113,BLANCO,2014,2014,19.01.14,CHINA,,,,
6,BJ3102V4PDB-A3,FORLAND,,VOLQUETE,,INCAPOWER FD130,74800,002866,LVBDLPHD8EN029980,YC6J19020J1DM1D00116,BLANCO,2014,2014,19.01.14,CHINA,,,,
7,BJ3102V4PDB-A3,FORLAND,,VOLQUETE,,INCAPOWER FD130,74796,002867,LVBDLPHDXEN029981,YC6J19020J1DM1D00092,BLANCO,2014,2014,19.01.14,CHINA,,,,
8,BJ3102V4PDB-A3,FORLAND,,VOLQUETE,,INCAPOWER FD130,74805,002868,LVBDLPHD1EN029982,YC6J19020J1DM1D00091,BLANCO,2014,2014,19.01.14,CHINA,,,,
1,BJ1059VCJD6-3,FORLAND,,BARANDA,,INCAPOWER F45,61511,002301,LVBVCJD66EN010238,BJ493ZLQ1 D43931,BLANCO,2014,2014,11.01.14,CHINA,,,,
2,BJ1059VCJD6-3,FORLAND,,BARANDA,,INCAPOWER F45,61517,002302,LVBVCJD62EN010236,BJ493ZLQ1 D43936,BLANCO,2014,2014,11.01.14,CHINA,,,,
3,BJ1059VCJD6-3,FORLAND,,BARANDA,,INCAPOWER F45,61531,002303,LVBVCJD6XEN010243,BJ493ZLQ1 D43933,BLANCO,2014,2014,11.01.14,CHINA,,,,
4,BJ1059VCJD6-3,FORLAND,,BARANDA,,INCAPOWER F45,61512,002304,LVBVCJD65EN010246,BJ493ZLQ1 D36985,BLANCO,2014,2014,11.01.14,CHINA,,,,
5,BJ1059VCJD6-3,FORLAND,,BARANDA,,INCAPOWER F45,61519,002305,LVBVCJD67EN010250,BJ493ZLQ1 D38625,AZUL,2014,2014,11.01.14,CHINA,,,,
6,BJ1059VCJD6-3,FORLAND,,BARANDA,,INCAPOWER F45,61513,002306,LVBVCJD68EN010239,BJ493ZLQ1 D43938,BLANCO,2014,2014,11.01.14,CHINA,,,,
7,BJ1059VCJD6-3,FORLAND,,BARANDA,,INCAPOWER F45,61524,002307,LVBVCJD66EN010241,BJ493ZLQ1 D43930,BLANCO,2014,2014,11.01.14,CHINA,,,,
8,BJ1059VCJD6-3,FORLAND,,BARANDA,,INCAPOWER F45,61537,002308,LVBVCJD64EN010237,BJ493ZLQ1 D43934,BLANCO,2014,2014,11.01.14,CHINA,,,,
9,BJ1059VCJD6-3,FORLAND,,BARANDA,,INCAPOWER F45,61515,002309,LVBVCJD61EN010244,BJ493ZLQ1 D36982,BLANCO,2014,2014,11.01.14,CHINA,,,,
10,BJ1059VCJD6-3,FORLAND,,BARANDA,,INCAPOWER F45,61525,002310,LVBVCJD67EN010247,BJ493ZLQ1 D43937,BLANCO,2014,2014,11.01.14,CHINA,,,,
11,BJ1059VCJD6-3,FORLAND,,BARANDA,,INCAPOWER F45,61538,002311,LVBVCJD64EN010240,BJ493ZLQ1 D43935,BLANCO,2014,2014,11.01.14,CHINA,,,,
12,BJ1059VCJD6-3,FORLAND,,BARANDA,,INCAPOWER F45,61548,002312,LVBVCJD69EN010251,BJ493ZLQ1 D36987,ROJO,2014,2014,11.01.14,CHINA,,,,
13,BJ1059VCJD6-3,FORLAND,,BARANDA,,INCAPOWER F45,61528,002313,LVBVCJD63EN010245,BJ493ZLQ1 D36978,BLANCO,2014,2014,11.01.14,CHINA,,,,
14,BJ1059VCJD6-3,FORLAND,,BARANDA,,INCAPOWER F45,61539,002314,LVBVCJD60EN010249,BJ493ZLQ1 D36986,ROJO,2014,2014,11.01.14,CHINA,,,,
15,BJ1059VCJD6-3,FORLAND,,BARANDA,,INCAPOWER F45,61550,002315,LVBVCJD68EN010242,BJ493ZLQ1 D43932,BLANCO,2014,2014,11.01.14,CHINA,,,,
16,BJ1059VCJD6-3,FORLAND,,BARANDA,,INCAPOWER F45,61526,002316,LVBVCJD69EN010248,BJ493ZLQ1 D38628,ROJO,2014,2014,11.01.14,CHINA,,,,
17,BJ1039V4JD3-A-DR I,FORLAND,,BARANDA,,INCAPOWER F35,61536,002317,LVBV9JD3XEN010229,BJ493ZQ D43824,BLANCO,2014,2014,11.01.14,CHINA,,,,
18,BJ1039V4JD3-A-DR I,FORLAND,,BARANDA,,INCAPOWER F35,61543,002318,LVBV9JD33EN010220,BJ493ZQ D43838,BLANCO,2014,2014,11.01.14,CHINA,,,,
19,BJ1039V4JD3-A-DR I,FORLAND,,BARANDA,,INCAPOWER F35,61533,002319,LVBV9JD39EN010223,BJ493ZQ D43830,BLANCO,2014,2014,11.01.14,CHINA,,,,
20,BJ1039V4JD3-A-DR I,FORLAND,,BARANDA,,INCAPOWER F35,61535,002320,LVBV9JD38EN010231,BJ493ZQ D43820,BLANCO,2014,2014,11.01.14,CHINA,,,,
21,BJ1039V4JD3-A-DR I,FORLAND,,BARANDA,,INCAPOWER F35,61545,002321,LVBV9JD30EN010224,BJ493ZQ D43825,BLANCO,2014,2014,11.01.14,CHINA,,,,
22,BJ1039V4JD3-A-DR I,FORLAND,,BARANDA,,INCAPOWER F35,61558,002322,LVBV9JD32EN010225,BJ493ZQ D43836,BLANCO,2014,2014,11.01.14,CHINA,,,,
23,BJ1039V4JD3-A-DR I,FORLAND,,BARANDA,,INCAPOWER F35,61541,002323,LVBV9JD38EN010228,BJ493ZQ D43821,BLANCO,2014,2014,11.01.14,CHINA,,,,
24,BJ1039V4JD3-A-DR I,FORLAND,,BARANDA,,INCAPOWER F35,61556,002324,LVBV9JD31EN010233,BJ493ZQ D43834,ROJO,2014,2014,11.01.14,CHINA,,,,
25,BJ1039V4JD3-A-DR I,FORLAND,,BARANDA,,INCAPOWER F35,61564,002325,LVBV9JD33EN010234,BJ493ZQ D43822,ROJO,2014,2014,11.01.14,CHINA,,,,
26,BJ1039V4JD3-A-DR I,FORLAND,,BARANDA,,INCAPOWER F35,61547,002326,LVBV9JD35EN010221,BJ493ZQ D43832,BLANCO,2014,2014,11.01.14,CHINA,,,,
27,BJ1039V4JD3-A-DR I,FORLAND,,BARANDA,,INCAPOWER F35,61559,002327,LVBV9JD36EN010230,BJ493ZQ D43828,BLANCO,2014,2014,11.01.14,CHINA,,,,
28,BJ1039V4JD3-A-DR I,FORLAND,,BARANDA,,INCAPOWER F35,61568,002328,LVBV9JD3XEN010232,BJ493ZQ D43826,BLANCO,2014,2014,11.01.14,CHINA,,,,
29,BJ1039V4JD3-A-DR I,FORLAND,,BARANDA,,INCAPOWER F35,61555,002329,LVBV9JD35EN010235,BJ493ZQ D21902,BLANCO,2014,2014,11.01.14,CHINA,,,,
30,BJ1039V4JD3-A-DR I,FORLAND,,BARANDA,,INCAPOWER F35,61557,002330,LVBV9JD36EN010227,BJ493ZQ D43831,BLANCO,2014,2014,11.01.14,CHINA,,,,
31,BJ1039V4JD3-A-DR I,FORLAND,,BARANDA,,INCAPOWER F35,61561,002331,LVBV9JD37EN010222,BJ493ZQ D43819,BLANCO,2014,2014,11.01.14,CHINA,,,,
32,BJ1039V4JD3-A-DR I,FORLAND,,BARANDA,,INCAPOWER F35,61569,002332,LVBV9JD34EN010226,BJ493ZQ D43827,BLANCO,2014,2014,11.01.14,CHINA,,,,
