Chasis,Modelo,Color,Fab
LBZF46EA8CA000020,BEIBEN,ANARANJADO,2012
LVBV6PEB9DN029998,FD150,ROJO,2013
LHBM3HTE6EN605046,Destroyer 4x2,VERDE,2014
LVBVKPFK5EN045563,F110-BR,BLANCO,2014
LVBVKPEK6EN045508,F123,ROJO,2014
MHKG2CP40EK005177,Long 4x2 AT LUXURY,PLATA,2014
MHKG2CP40EK005194,Long 4x2 AT LUXURY,BEIGE,2014
MHKG2CP40EK005211,Long 4x2 AT LUXURY,BLANCO,2014
LVBDLPHD3EN045648,FD130,AZUL,2014
LVBVLPFKXEN045796,F110,AZUL,2014
MHKG2CP40FK005310,Long 4x2 AT LUXURY,BEIGE,2014
LVBVLPFK8EN045912,F110-BR,BLANCO,2014
MHKG2CP40FK005402,Long 4x2 AT LUXURY,PLATA,2014
MHKG2CP40FK005406,Long 4x2 AT LUXURY,BEIGE,2014
MHKG2CP40FK005408,Long 4x2 AT LUXURY,BLANCO,2014
LVBDLPHA3EN045753,FD135,ROJO,2014
LHBPFPUS4FK205072,B100,BLANCO,2014
LVBVFPEG7FN020103,F80-BR,BLANCO,2014
LHBPAPUR1FK205154,B41,BLANCO,2014
JDAJ200G0F3008534,Alloy 4x2 MT,GRIS,2015
LHBPA1URXFK205134,B40,ROJO,2014
LS4A773T1EG002368,METROGAS 7,BLANCO CON ROJO,2014
JDAJ200G0F3008721,Basic 4x2 AT,PLATA,2015
LVBVFPEG9FN020099,F80-BR,BLANCO,2015
LVBDEJEA8FN030095,FD40,BLANCO,2015
LVBDFPEA3FN045121,FD65,ROJO,2015
LHBP41TR0FK205300,B30,ROJO,2015
LHBP41TR5FK205311,B30,BLANCO,2015
LHBPA1UR1FK205328,B40,BLANCO,2015
LHBPA1UR8FK205326,B40,BLANCO,2015
LHBPA1UR9FK205335,B40-CB,BLANCO,2015
LHBPD1US7FK205344,B50,BLANCO,2015
LVBVGJEA1FN045133,F68-BR,BLANCO,2015
LVBVGJEA3FN045134,F68-BR,BLANCO,2015
LVBVGJEA9FN045137,F68-BR,AZUL,2015
LVBDEJEA9FN030106,FD40,AZUL,2015
MHKG2CN20FK001541,Long 4x2 MT Up Grade,GUINDA,2015
MHKG2CN20FK001542,Long 4x2 MT Up Grade,PLATA,2015
MHKG2CN20FK001543,Long 4x2 MT Up Grade,NEGRO,2015
MHKG2CN20FK001544,Long 4x2 MT Up Grade,BEIGE,2015
MHKG2CN20FK001545,Long 4x2 MT Up Grade,GUINDA,2015
MHKG2CN20FK001546,Long 4x2 MT Up Grade,GRIS,2015
MHKG2CN20FK001547,Long 4x2 MT Up Grade,BLANCO,2015
JDAJ200G0G3009274,Alloy 4x2 MT,BEIGE,2015
JDAJ200G0G3009275,Alloy 4x2 MT,GUINDA,2015
JDAJ200G0G3009279,Alloy 4x2 MT,GUINDA,2015
JDAJ200G0G3009281,Alloy 4x2 MT,PLATA,2015
JDAJ200G0G3009285,Alloy 4x2 MT,BLANCO,2015
JDAJ200G0G3009293,Alloy 4x2 MT,NEGRO,2015
JDAJ200G0G3009295,Alloy 4x2 MT,MARRON BRONCE,2015
JDAJ200G0G3009300,Alloy 4x2 MT,MARRON BRONCE,2015
JDAJ200G0G3009303,Alloy 4x2 MT,GRIS,2015
JDAJ200G0G3009278,Basic 4x2 AT,BLANCO,2015
JDAJ200G0G3009280,Basic 4x2 AT,PLATA,2015
JDAJ200G0G3009287,Basic 4x2 AT,GUINDA,2015
LVBDLPHA5FN020127,FD135,ROJO,2015
LPBMBDTE8FJ505662,COMMUTER IS,BLANCO,2015
LHBPA1UR4DN207280,B40,BLANCO,2013
LBZF46EA5CA000024,BEIBEN,BLANCO,2012
LVBDLPHD8EN029977,FD130,ROJO,2014
LHBM3HTE8EN605050,Destroyer 4x2,VERDE,2014
LVBVKPEK9EN045521,F123,PLATA,2014
LVBDCJB3XEN030688,FD20,ROJO,2014
LVBVLPFK4EN045910,F110-BR,BLANCO,2014
LVBVGJEA6EN045904,F65,ROJO,2014
LVBDCJB31EN030952,FD20,BLANCO,2014
LHBPD1US2FK205042,B50,AZUL,2014
LHBR3HSN7DN106925,DESTROYER III,PLATA,2013
JDAJ200G0F3007740,Basic 4x2 AT,BEIGE,2014
JDAJ210G0F3009957,Safety 4x4 AT,PLATA,2014
JDAJ210G0F3010045,Safety 4x4 AT,BLANCO,2014
LVBDLPHD6FN020096,FD130,BLANCO,2014
JDAJ200G0F3008372,Alloy 4x2 MT,NEGRO,2015
LS4A773T8EG002366,METROGAS 7,BLANCO CON ROJO,2014
MHKG2CP40FK005658,Long 4x2 AT LUXURY,MARRRON PARDO,2015
MHKG2CN20FK001470,Long 4x2 MT,BLANCO,2015
LVBVCJD68FN045039,F45,BLANCO,2015
LVBVFPEG1FN020100,F80-BR,BLANCO,2015
LVBDEJEA6FN030094,FD40,BLANCO,2015
LHBP41TR2FK205301,B30,BLANCO,2015
LHBP41TR7FK205312,B30,BLANCO,2015
LHBPA1SD5FK205226,B20-CB,BLANCO,2015
LHBPA1UR2FK205337,B40,ROJO,2015
LHBPA1UR5FK205333,B40-CB,BLANCO,2015
LHBPAPUR0FK205338,B41,BLANCO,2015
LHBPD1US0FK205346,B50,BLANCO,2015
LVBV9JD30FN030118,F35,AZUL,2015
LVBVGJEA0FN045138,F68-BR,AZUL,2015
LVBVGJEA7FN045136,F68-BR,ROJO,2015
LVBDFPEA9FN045141,FD65,BLANCO,2015
JDAJ200G0F3008908,Basic 4x2 AT,GRIS,2015
JDAJ200G0F3008873,Alloy 4x2 MT,BEIGE,2015
LVBDLPHA3FN020126,FD135,BLANCO,2015
LPBMBDTE6FJ505658,COMMUTER IS,BLANCO,2015
LHBM3HTE1EN605021,Destroyer 4x2,ROJO,2013
LVBVGJEA7EN045684,F65,BLANCO,2014
JDAJ210G0F3009220,Safety 4x4 MT,NEGRO,2014
MHKG2CP40FK005314,Long 4x2 AT LUXURY,BLANCO,2014
MHKG2CP40FK005327,Long 4x2 AT LUXURY,PLATA,2014
MHKG2CP40FK005349,Long 4x2 AT LUXURY,PLATA,2014
LVBVMPHN7EN045906,F130,ROJO,2014
MHKG2CP40FK005389,Long 4x2 AT LUXURY,BLANCO,2014
MHKG2CP40FK005429,Long 4x2 AT LUXURY,MARRON PARDO,2014
LHBR3HSN6DN106592,DESTROYER III,PLATA,2013
LHBPAPUR8FK205152,B41,BLANCO,2014
JDAJ200G0F3008434,Alloy 4x2 MT,BLANCO,2015
JDAJ200G0F3008451,Alloy 4x2 MT,BEIGE,2015
JDAJ210G0F3010599,Safety 4x4 MT,GRIS,2015
JDAJ210G0F3010725,Safety 4x4 AT,BLANCO,2015
LS4A773TXEG002370,METROGAS 7,BLANCO CON ROJO,2014
JDAJ200G0F3008591,Basic 4x2 AT,MARRON BRONCE,2015
JDAJ210G0F3010906,Safety 4x4 MT,PLATA,2015
MHKG2CP40FK005663,Long 4x2 AT LUXURY,BEIGE,2015
MHKG2CP40FK005664,Long 4x2 AT LUXURY,GRIS,2015
MHKG2CP40FK005669,Long 4x2 AT LUXURY,PLATA,2015
MHKG2CN20FK001462,Long 4x2 MT,MARRON PARDO,2015
MHKG2CP40FK005732,Long 4x2 AT LUXURY,BEIGE,2015
MHKG2CP40FK005817,Long 4x2 AT LUXURY,PLATA,2015
JDAJ200G0F3008522,Alloy 4x2 MT,GRIS,2015
JDAJ200G0F3008740,Alloy 4x2 MT,GRIS,2015
JDAJ200G0F3008748,Basic 4x2 AT,NEGRO,2015
LVBDFPEA1FN045120,FD65,ROJO,2015
LHBP41TR6FK205317,B30,ROJO,2015
LHBPA1SD7FK205227,B20,BLANCO,2015
LHBPA1SD3FK205225,B20-CB,BLANCO,2015
LHBPA1UR0FK205336,B40,ROJO,2015
LHBPA1UR7FK205334,B40-CB,BLANCO,2015
LVBVGJEA6FN045127,F68-BR,BLANCO,2015
LPBMBDTE5FJ505649,COMMUTER IS,BLANCO,2015
LBZF46EA3CA000023,BEIBEN,BLANCO,2012
LVBV3JBB3EE254042,F50,PLATA,2014
LVBV4JBB4EE254032,F70,PLATA,2014
LVBVKPEK9EN045518,F123,ROJO,2014
LVBDLPHD9EN045511,FD130,ROJO,2014
LVBVKPEK4EN045524,F123,AZUL,2014
LHBR3HSN2DN106623,DESTROYER III,PLATA,2013
JDAJ200G0F3008382,Alloy 4x2 MT,NEGRO,2015
LHBPDPUS2FK205142,B51,BLANCO,2014
LS4A773T6EG002365,METROGAS 7,BLANCO CON ROJO,2014
MHKG2CN20FK001438,Long 4x2 MT,BLANCO,2015
LVBVCJD62FN045036,F45,BLANCO,2015
LHBP41TR3FK205310,B30,ROJO,2015
LHBPA1UR7FK205320,B40,BLANCO,2015
LHBPAPUR2FK205339,B41,BLANCO,2015
LHBPD1US9FK205345,B50,BLANCO,2015
LVBVGJEA6FN045130,F68-BR,BLANCO,2015
LVBDFPEA7FN045140,FD65,BLANCO,2015
LPBMBDTE9FJ505637,COMMUTER IS,BLANCO,2015
LVBV6PEB5DN029996,FD150,AZUL,2013
LHBM3HTE0EN605026,Destroyer 4x2,VERDE,2013
LPBMBDTE9EN505466,TURISMO,BLANCO,2014
LVBV3JBB5EE254043,F50,PLATA,2014
LVBVLPFKXEN045586,F110,ROJO,2014
LVBVGJEA0EN045543,F65,AZUL,2014
LVBDCJB35EN030906,FD20,ROJO,2014
JDAJ210G0F3009982,Safety 4x4 MT,NEGRO,2014
MHKG2CP40FK005510,Long 4x2 AT LUXURY,BLANCO,2014
JDAJ200G0F3008381,Alloy 4x2 MT,MARRON BRONCE,2015
JDAJ210G0F3010893,Safety 4x4 MT,PLATA,2015
LVBVCJD65FN045046,F45,BLANCO,2015
LVBV9JD38FN030027,F35-CB,BLANCO,2015
LHBP41TR7FK205309,B30,ROJO,2015
LHBPA1SD4FK205220,B20,BLANCO,2015
LHBPA1UR3FK205332,B40-CB,BLANCO,2015
LVBVGJEA0FN045124,F68-BR,BLANCO,2015
LPBMBDTE4FJ505660,COMMUTER IS,BLANCO,2015
LNBMCFBH0EN105035,007,NEGRO,2014
MHKG2CP40FK005339,Long 4x2 AT LUXURY,BLANCO,2014
LHBR3HSN8DN106593,DESTROYER III,PLATA,2013
JDAJ200G0F3008438,Alloy 4x2 MT,GUINDA,2015
JDAJ210G0F3010642,Safety 4x4 MT,NEGRO,2015
JDAJ200G0F3008562,Basic 4x2 AT,NEGRO,2015
JDAJ210G0F3010799,Safety 4x4 AT,MARRON BRONCE,2015
LVBVCJD64FN045040,F45,BLANCO,2015
LHBPA1SD0FK205229,B20,BLANCO,2015
LHBP41TR9DN205890,B30-CB,BLANCO,2013
LHBPFPUS5DN205836,B100-CB,BLANCO,2013
LHBP41TR4DN208440,B30-CB,BLANCO,2013
LVBDDJB53DN011722,FD25,BLANCO,2013
LHBR3HTN2BN408554,Destroyer 4x4,BLANCO,2010
LHBPD1US5AN229925,B50,BLANCO,2010
LVAV3JA399N045408,F20,BLANCO,2010
LVAV3JA32AN001884,F20-CB,BLANCO,2010
LVAV3JA33AN001876,F20-CB,BLANCO,2010
LPBMBDTE4EN505472,TURISMO,BLANCO,2014
LS4A675Y0EG000476,CITIZEN II,BLANCO C/ROJO,2014
LHBPA1UR3DN208422,B40-CB,BLANCO,2013
LVBV3JBB8EE253968,F50,PLATA,2014
LVBV4JBBXEE253967,F70,PLATA,2014
MHKG2CP40EK005273,Long 4x2 AT LUXURY,BLANCO,2014
LVBVLPFK8EN045795,F110,ROJO,2014
MHKG2CP40FK005365,Long 4x2 AT LUXURY,BLANCO,2014
MHKG2CP40FK005377,Long 4x2 AT LUXURY,MARRON PARDO,2014
MHKG2CP40FK005384,Long 4x2 AT LUXURY,PLATA,2014
MHKG2CP40FK005386,Long 4x2 AT LUXURY,BEIGE,2014
LS4A675Y4EG001842,CITIZEN II,BLANCO CON ROJO,2014
LS4A675Y6EG001843,CITIZEN II,BLANCO CON ROJO,2014
MHKG2CP40FK005453,Long 4x2 AT LUXURY,BLANCO,2014
MHKG2CP40FK005477,Long 4x2 AT LUXURY,BLANCO,2014
JDAJ210G0F3009925,Safety 4x4 MT,NEGRO,2014
JDAJ210G0F3009922,Safety 4x4 AT,PLATA,2014
JDAJ210G0F3009994,Safety 4x4 AT,GRIS,2014
JDAJ210G0F3010009,Safety 4x4 AT,BEIGE,2014
JDAJ210G0F3010021,Safety 4x4 AT,BEIGE,2014
LPBMBDTE9FJ505203,COMMUTER,PLATA,2014
LPBMBDTE2FJ505205,COMMUTER,BLANCO,2014
MHKG2CP40FK005489,Long 4x2 AT LUXURY,PLATA,2014
MHKG2CP40FK005496,Long 4x2 AT LUXURY,BEIGE,2014
LHBPFPUSXFK205156,B100,ROJO,2014
JDAJ200G0F3008361,Alloy 4x2 MT,NEGRO,2015
JDAJ200G0F3008386,Alloy 4x2 MT,MARRON BRONCE,2015
JDAJ200G0F3008404,Alloy 4x2 MT,BLANCO,2015
JDAJ200G0F3008420,Alloy 4x2 MT,BLANCO,2015
JDAJ200G0F3008424,Alloy 4x2 MT,BLANCO,2015
JDAJ200G0F3008448,Alloy 4x2 MT,PLATA,2015
JDAJ200G0F3008463,Alloy 4x2 MT,PLATA,2015
JDAJ200G0F3008489,Alloy 4x2 MT,BEIGE,2015
JDAJ200G0F3008494,Alloy 4x2 MT,PLATA,2015
JDAJ200G0F3008327,Basic 4x2 AT,GRIS,2015
JDAJ200G0F3008328,Basic 4x2 AT,PLATA,2015
JDAJ200G0F3008342,Basic 4x2 AT,BEIGE,2015
JDAJ200G0F3008348,Basic 4x2 AT,BLANCO,2015
JDAJ200G0F3008357,Basic 4x2 AT,NEGRO,2015
JDAJ210G0F3010471,Safety 4x4 MT,PLATA,2015
JDAJ210G0F3010488,Safety 4x4 MT,GUINDA,2015
JDAJ210G0F3010532,Safety 4x4 MT,MARRON BRONCE,2015
JDAJ210G0F3010629,Safety 4x4 MT,BLANCO,2015
JDAJ210G0F3010616,Safety 4x4 MT,BEIGE,2015
JDAJ210G0F3010683,Safety 4x4 AT,PLATA,2015
JDAJ210G0F3010704,Safety 4x4 AT,GRIS,2015
JDAJ210G0F3010741,Safety 4x4 AT,BLANCO,2015
JDAJ210G0F3010754,Safety 4x4 AT,NEGRO,2015
JDAJ200G0F3008559,Basic 4x2 AT,BEIGE,2015
JDAJ200G0F3008569,Basic 4x2 AT,GRIS,2015
JDAJ200G0F3008573,Basic 4x2 AT,PLATA,2015
JDAJ200G0F3008575,Basic 4x2 AT,BLANCO,2015
JDAJ210G0F3010833,Safety 4x4 MT,BLANCO,2015
JDAJ210G0F3010860,Safety 4x4 MT,MARRON BRONCE,2015
JDAJ210G0F3010868,Safety 4x4 MT,BEIGE,2015
JDAJ210G0F3010888,Safety 4x4 MT,GUINDA,2015
JDAJ210G0F3010795,Safety 4x4 AT,PLATA,2015
JDAJ210G0F3010839,Safety 4x4 AT,BEIGE,2015
MHKG2CN20FK001440,Long 4x2 MT,NEGRO,2015
MHKG2CN20FK001448,Long 4x2 MT,NEGRO,2015
MHKG2CN20FK001449,Long 4x2 MT,BEIGE,2015
MHKG2CN20FK001453,Long 4x2 MT,PLATA,2015
MHKG2CP40FK005671,Long 4x2 AT LUXURY,BLANCO,2015
MHKG2CP40FK005674,Long 4x2 AT LUXURY,MARRON PARDO,2015
MHKG2CP40FK005675,Long 4x2 AT LUXURY,NEGRO,2015
MHKG2CP40FK005678,Long 4x2 AT LUXURY,BEIGE,2015
MHKG2CP40FK005679,Long 4x2 AT LUXURY,GRIS,2015
MHKG2CP40FK005681,Long 4x2 AT LUXURY,PLATA,2015
MHKG2CP40FK005684,Long 4x2 AT LUXURY,BLANCO,2015
MHKG2CP40FK005687,Long 4x2 AT LUXURY,MARRON PARDO,2015
MHKG2CP40FK005689,Long 4x2 AT LUXURY,NEGRO,2015
MHKG2CP40FK005691,Long 4x2 AT LUXURY,GRIS,2015
MHKG2CP40FK005694,Long 4x2 AT LUXURY,BEIGE,2015
MHKG2CP40FK005696,Long 4x2 AT LUXURY,PLATA,2015
MHKG2CP40FK005698,Long 4x2 AT LUXURY,MARRON PARDO,2015
MHKG2CP40FK005704,Long 4x2 AT LUXURY,NEGRO,2015
MHKG2CP40FK005712,Long 4x2 AT LUXURY,MARRON PARDO,2015
MHKG2CP40FK005719,Long 4x2 AT LUXURY,BEIGE,2015
MHKG2CP40FK005722,Long 4x2 AT LUXURY,GRIS,2015
MHKG2CP40FK005726,Long 4x2 AT LUXURY,BLANCO,2015
MHKG2CP40FK005729,Long 4x2 AT LUXURY,NEGRO,2015
MHKG2CP40FK005733,Long 4x2 AT LUXURY,GRIS,2015
MHKG2CP40FK005735,Long 4x2 AT LUXURY,MARRON PARDO,2015
MHKG2CP40FK005738,Long 4x2 AT LUXURY,PLATA,2015
MHKG2CP40FK005740,Long 4x2 AT LUXURY,BLANCO,2015
MHKG2CP40FK005743,Long 4x2 AT LUXURY,BEIGE,2015
MHKG2CP40FK005746,Long 4x2 AT LUXURY,GRIS,2015
MHKG2CP40FK005748,Long 4x2 AT LUXURY,MARRON PARDO,2015
MHKG2CP40FK005749,Long 4x2 AT LUXURY,PLATA,2015
MHKG2CP40FK005754,Long 4x2 AT LUXURY,NEGRO,2015
MHKG2CP40FK005761,Long 4x2 AT LUXURY,PLATA,2015
MHKG2CP40FK005763,Long 4x2 AT LUXURY,BLANCO,2015
MHKG2CP40FK005764,Long 4x2 AT LUXURY,NEGRO,2015
MHKG2CN20FK001467,Long 4x2 MT,GRIS,2015
MHKG2CN20FK001475,Long 4x2 MT,NEGRO,2015
MHKG2CN20FK001482,Long 4x2 MT,BLANCO,2015
MHKG2CN20FK001483,Long 4x2 MT,NEGRO,2015
MHKG2CP40FK005753,Long 4x2 AT LUXURY,BLANCO,2015
MHKG2CP40FK005758,Long 4x2 AT LUXURY,MARRON PARDO,2015
MHKG2CP40FK005765,Long 4x2 AT LUXURY,BEIGE,2015
MHKG2CP40FK005766,Long 4x2 AT LUXURY,GRIS,2015
MHKG2CP40FK005767,Long 4x2 AT LUXURY,MARRON PARDO,2015
MHKG2CP40FK005768,Long 4x2 AT LUXURY,PLATA,2015
MHKG2CP40FK005769,Long 4x2 AT LUXURY,BLANCO,2015
MHKG2CP40FK005770,Long 4x2 AT LUXURY,NEGRO,2015
MHKG2CP40FK005771,Long 4x2 AT LUXURY,BEIGE,2015
MHKG2CP40FK005772,Long 4x2 AT LUXURY,GRIS,2015
MHKG2CP40FK005773,Long 4x2 AT LUXURY,MARRON PARDO,2015
MHKG2CP40FK005774,Long 4x2 AT LUXURY,PLATA,2015
MHKG2CP40FK005776,Long 4x2 AT LUXURY,BLANCO,2015
MHKG2CP40FK005777,Long 4x2 AT LUXURY,NEGRO,2015
MHKG2CP40FK005778,Long 4x2 AT LUXURY,BEIGE,2015
MHKG2CP40FK005779,Long 4x2 AT LUXURY,MARRON PARDO,2015
MHKG2CP40FK005780,Long 4x2 AT LUXURY,PLATA,2015
MHKG2CP40FK005781,Long 4x2 AT LUXURY,GRIS,2015
MHKG2CP40FK005782,Long 4x2 AT LUXURY,BLANCO,2015
MHKG2CP40FK005783,Long 4x2 AT LUXURY,NEGRO,2015
MHKG2CP40FK005784,Long 4x2 AT LUXURY,BEIGE,2015
MHKG2CP40FK005785,Long 4x2 AT LUXURY,MARRON PARDO,2015
MHKG2CP40FK005786,Long 4x2 AT LUXURY,PLATA,2015
MHKG2CP40FK005787,Long 4x2 AT LUXURY,GRIS,2015
MHKG2CP40FK005788,Long 4x2 AT LUXURY,BEIGE,2015
MHKG2CP40FK005789,Long 4x2 AT LUXURY,BLANCO,2015
MHKG2CP40FK005790,Long 4x2 AT LUXURY,NEGRO,2015
MHKG2CP40FK005791,Long 4x2 AT LUXURY,GRIS,2015
MHKG2CP40FK005792,Long 4x2 AT LUXURY,MARRON PARDO,2015
MHKG2CP40FK005793,Long 4x2 AT LUXURY,PLATA,2015
MHKG2CP40FK005794,Long 4x2 AT LUXURY,BEIGE,2015
MHKG2CP40FK005795,Long 4x2 AT LUXURY,BLANCO,2015
MHKG2CP40FK005796,Long 4x2 AT LUXURY,NEGRO,2015
MHKG2CP40FK005797,Long 4x2 AT LUXURY,GRIS,2015
MHKG2CP40FK005798,Long 4x2 AT LUXURY,MARRON PARDO,2015
MHKG2CP40FK005799,Long 4x2 AT LUXURY,PLATA,2015
MHKG2CP40FK005800,Long 4x2 AT LUXURY,BEIGE,2015
MHKG2CP40FK005801,Long 4x2 AT LUXURY,BLANCO,2015
MHKG2CP40FK005802,Long 4x2 AT LUXURY,NEGRO,2015
MHKG2CP40FK005803,Long 4x2 AT LUXURY,BEIGE,2015
MHKG2CP40FK005804,Long 4x2 AT LUXURY,GRIS,2015
MHKG2CP40FK005805,Long 4x2 AT LUXURY,MARRON PARDO,2015
MHKG2CP40FK005806,Long 4x2 AT LUXURY,PLATA,2015
MHKG2CP40FK005807,Long 4x2 AT LUXURY,BLANCO,2015
MHKG2CP40FK005808,Long 4x2 AT LUXURY,NEGRO,2015
MHKG2CP40FK005809,Long 4x2 AT LUXURY,BEIGE,2015
MHKG2CP40FK005810,Long 4x2 AT LUXURY,GRIS,2015
MHKG2CP40FK005811,Long 4x2 AT LUXURY,MARRON PARDO,2015
MHKG2CP40FK005812,Long 4x2 AT LUXURY,PLATA,2015
MHKG2CP40FK005813,Long 4x2 AT LUXURY,BLANCO,2015
MHKG2CP40FK005814,Long 4x2 AT LUXURY,NEGRO,2015
MHKG2CP40FK005815,Long 4x2 AT LUXURY,GRIS,2015
MHKG2CP40FK005816,Long 4x2 AT LUXURY,MARRON PARDO,2015
MHKG2CP40FK005819,Long 4x2 AT LUXURY,BEIGE,2015
MHKG2CP40FK005820,Long 4x2 AT LUXURY,NEGRO,2015
MHKG2CP40FK005821,Long 4x2 AT LUXURY,GRIS,2015
MHKG2CP40FK005822,Long 4x2 AT LUXURY,MARRON PARDO,2015
MHKG2CP40FK005823,Long 4x2 AT LUXURY,PLATA,2015
JDAJ200G0F3008709,Alloy 4x2 MT,BLANCO,2015
JDAJ200G0F3008724,Alloy 4x2 MT,BEIGE,2015
JDAJ200G0F3008729,Basic 4x2 AT,GRIS,2015
JDAJ200G0F3008737,Basic 4x2 AT,BEIGE,2015
JDAJ210G0F3011254,Safety 4x4 MT,NEGRO,2015
JDAJ210G0F3011269,Safety 4x4 MT,GRIS,2015
JDAJ210G0F3011286,Safety 4x4 MT,GUINDA,2015
JDAJ210G0F3011281,Safety 4x4 AT,PLATA,2015
JDAJ210G0F3011285,Safety 4x4 AT,GRIS,2015
LPBMBDTE0FJ505574,COMMUTER IS,BLANCO,2015
LPBMBDTEXFJ505582,COMMUTER IS,BLANCO,2015
LPBMBDTE4FJ505576,COMMUTER IS,BLANCO,2015
LPBMBDTE9FJ505587,COMMUTER IS,BLANCO,2015
LPBMBDTE3FJ505584,COMMUTER IS,BLANCO,2015
LPBMBDTE1FJ505583,COMMUTER IS,BLANCO,2015
LPBMBDTE6FJ505577,COMMUTER IS,BLANCO,2015
LVBVFPEG4FN045119,F80-BR,BLANCO,2015
LVBVFPEG2FN045118,F80-BR,BLANCO,2015
LHBPA1SD7FK205213,B20,BLANCO,2015
LHBPA1UR4FK205324,B40,BLANCO,2015
LVBVGJEA8FN045128,F68-BR,BLANCO,2015
LVBVGJEA5FN045135,F68-BR,ROJO,2015
LVBVGJEA4FN045126,F68-BR,BLANCO,2015
JDAJ200G0F3008899,Basic 4x2 AT,BEIGE,2015
JDAJ200G0F3008902,Basic 4x2 AT,MARRON BRONCE,2015
JDAJ200G0F3008904,Basic 4x2 AT,GUINDA,2015
JDAJ200G0F3008865,Alloy 4x2 MT,PLATA,2015
JDAJ200G0F3008869,Alloy 4x2 MT,GRIS,2015
JDAJ200G0F3008871,Alloy 4x2 MT,MARRON BRONCE,2015
JDAJ200G0F3008877,Alloy 4x2 MT,BLANCO,2015
JDAJ200G0F3008883,Alloy 4x2 MT,GUINDA,2015
MHKG2CN20FK001497,Long 4x2 MT Up Grade,BLANCO,2015
MHKG2CN20FK001498,Long 4x2 MT Up Grade,PLATA,2015
MHKG2CN20FK001499,Long 4x2 MT Up Grade,GRIS,2015
MHKG2CN20FK001500,Long 4x2 MT Up Grade,BEIGE,2015
MHKG2CN20FK001501,Long 4x2 MT Up Grade,GRIS,2015
MHKG2CN20FK001502,Long 4x2 MT Up Grade,GUINDA,2015
MHKG2CN20FK001503,Long 4x2 MT Up Grade,NEGRO,2015
MHKG2CN20FK001504,Long 4x2 MT Up Grade,NEGRO,2015
MHKG2CN20FK001505,Long 4x2 MT Up Grade,PLATA,2015
MHKG2CN20FK001506,Long 4x2 MT Up Grade,BEIGE,2015
MHKG2CN20FK001507,Long 4x2 MT Up Grade,GUINDA,2015
MHKG2CN20FK001508,Long 4x2 MT Up Grade,BLANCO,2015
MHKG2CN20FK001509,Long 4x2 MT Up Grade,GRIS,2015
MHKG2CN20FK001510,Long 4x2 MT Up Grade,NEGRO,2015
MHKG2CN20FK001511,Long 4x2 MT Up Grade,GUINDA,2015
MHKG2CN20FK001512,Long 4x2 MT Up Grade,BEIGE,2015
MHKG2CN20FK001513,Long 4x2 MT Up Grade,PLATA,2015
MHKG2CN20FK001514,Long 4x2 MT Up Grade,BLANCO,2015
MHKG2CN20FK001515,Long 4x2 MT Up Grade,GRIS,2015
MHKG2CN20FK001516,Long 4x2 MT Up Grade,BEIGE,2015
MHKG2CN20FK001517,Long 4x2 MT Up Grade,NEGRO,2015
MHKG2CN20FK001519,Long 4x2 MT Up Grade,GUINDA,2015
MHKG2CN20FK001520,Long 4x2 MT Up Grade,BLANCO,2015
MHKG2CN20FK001521,Long 4x2 MT Up Grade,BEIGE,2015
MHKG2CN20FK001522,Long 4x2 MT Up Grade,GRIS,2015
MHKG2CN20FK001523,Long 4x2 MT Up Grade,BLANCO,2015
MHKG2CN20FK001524,Long 4x2 MT Up Grade,PLATA,2015
MHKG2CN20FK001525,Long 4x2 MT Up Grade,NEGRO,2015
MHKG2CN20FK001526,Long 4x2 MT Up Grade,GUINDA,2015
LHBP41TR3FK205386,B30,BLANCO,2015
LHBP41TR6FK205379,B30,BLANCO,2015
LHBP41TRXFK205384,B30,BLANCO,2015
LHBP41TR2FK205380,B30,BLANCO,2015
LHBP41TR5FK205387,B30,BLANCO,2015
LHBP41TR8FK205383,B30,BLANCO,2015
LHBP41TR9FK205389,B30,BLANCO,2015
LHBP41TR4FK205378,B30,BLANCO,2015
LHBP41TR7FK205388,B30,BLANCO,2015
LHBP41TR4FK205381,B30,BLANCO,2015
LHBP41TR6FK205382,B30,BLANCO,2015
LHBP41TR1FK205385,B30,BLANCO,2015
LHBPA1SDXFK205352,B20,BLANCO,2015
LHBPA1SD8FK205351,B20,BLANCO,2015
LHBPA1SD2FK205359,B20,BLANCO,2015
LHBPA1SD0FK205358,B20,BLANCO,2015
LHBPA1SD3FK205354,B20,BLANCO,2015
LHBPA1SD7FK205356,B20,BLANCO,2015
LHBPA1SD9FK205357,B20,BLANCO,2015
LHBPA1SD5FK205355,B20,BLANCO,2015
LHBPA1SD1FK205353,B20,BLANCO,2015
LHBPA1SD6FK205350,B20,BLANCO,2015
LHBPA1SD0FK205361,B20-CB,BLANCO,2015
LHBPA1SD9FK205360,B20-CB,BLANCO,2015
LHBPA1SD2FK205362,B20-CB,BLANCO,2015
LHBPA1SD4FK205363,B20-CB,BLANCO,2015
LHBPA1UR9FK205402,B40,BLANCO,2015
LHBPA1URXFK205408,B40,BLANCO,2015
LHBPA1UR6FK205406,B40,BLANCO,2015
LHBPA1UR9FK205416,B40,BLANCO,2015
LHBPA1UR8FK205407,B40,BLANCO,2015
LHBPA1UR5FK205414,B40,BLANCO,2015
LHBPA1UR0FK205403,B40,BLANCO,2015
LHBPA1UR8FK205410,B40,BLANCO,2015
LHBPA1UR7FK205415,B40,BLANCO,2015
LHBPA1UR3FK205413,B40,BLANCO,2015
LHBPA1UR1FK205412,B40,BLANCO,2015
LHBPA1UR2FK205404,B40,BLANCO,2015
LHBPA1UR1FK205409,B40,BLANCO,2015
LHBPA1URXFK205411,B40,BLANCO,2015
LHBPA1UR4FK205405,B40,BLANCO,2015
LHBPA1UR0FK205417,B40,BLANCO,2015
LHBPA1UR2FK205421,B40-CB,BLANCO,2015
LHBPA1UR0FK205420,B40-CB,BLANCO,2015
LHBPA1URXFK205425,B40-CB,BLANCO,2015
LHBPA1UR4FK205422,B40-CB,BLANCO,2015
LHBPA1UR4FK205419,B40-CB,BLANCO,2015
LHBPA1UR8FK205424,B40-CB,BLANCO,2015
LHBPA1UR2FK205418,B40-CB,BLANCO,2015
LHBPA1UR6FK205423,B40-CB,BLANCO,2015
LHBPD1US1FK205467,B50,BLANCO,2015
LHBPD1USXFK205466,B50,BLANCO,2015
LHBPD1US3FK205468,B50,BLANCO,2015
LS4AJB5V0FG000468,METROGAS 11,BLANCO CON ROJO,2015
LS4AJB5V0FG000469,METROGAS 11,BLANCO CON ROJO,2015
LGC39LE31F6000979,METROGAS 9,BLANCO CON ROJO,2015
LGC39LE31F6000980,METROGAS 9,BLANCO CON ROJO,2015
LS4A773T7FG000562,METROGAS 7,BLANCO CON ROJO,2015
LS4A773T7FG000563,METROGAS 7,BLANCO CON ROJO,2015
LS4A773T7FG000564,METROGAS 7,BLANCO CON ROJO,2015
LS4A773T7FG000565,METROGAS 7,BLANCO CON ROJO,2015
LS4A773T7FG000561,METROGAS 7,BLANCO CON ROJO,2015
LS4A773T7FG000560,METROGAS 7,BLANCO CON ROJO,2015
LPBMBDTE2FJ505642,COMMUTER IS,BLANCO,2015
LPBMBDTE4FJ505643,COMMUTER IS,BLANCO,2015
LPBMBDTE2FJ505639,COMMUTER IS,BLANCO,2015
LPBMBDTEXFJ505646,COMMUTER IS,BLANCO,2015
LPBMBDTE6FJ505627,COMMUTER IS,BLANCO,2015
LPBMBDTE0FJ505641,COMMUTER IS,BLANCO,2015
LPBMBDTE9FJ505640,COMMUTER IS,BLANCO,2015
LPBMBDTE6FJ505644,COMMUTER IS,BLANCO,2015
LPBMBDTE6FJ505661,COMMUTER IS,BLANCO,2015
LPBMBDTE3FJ505634,COMMUTER IS,BLANCO,2015
LPBMBDTE5FJ505635,COMMUTER IS,BLANCO,2015
LPBMBDTE3FJ505651,COMMUTER IS,BLANCO,2015
LPBMBDTE2FJ505656,COMMUTER IS,BLANCO,2015
LPBMBDTE7FJ505653,COMMUTER IS,BLANCO,2015
LPBMBDTE1FJ505650,COMMUTER IS,BLANCO,2015
LPBMBDTE9FJ505654,COMMUTER IS,BLANCO,2015
MHKG2CN20FK001538,Long 4x2 MT Up Grade,BLANCO,2015
MHKG2CN20FK001539,Long 4x2 MT Up Grade,BEIGE,2015
MHKG2CN20FK001540,Long 4x2 MT Up Grade,GRIS,2015
JDAJ200G0F3009180,Alloy 4x2 MT,NEGRO,2015
JDAJ200G0F3009183,Alloy 4x2 MT,BLANCO,2015
JDAJ200G0F3009197,Alloy 4x2 MT,BEIGE,2015
JDAJ200G0F3009213,Alloy 4x2 MT,BEIGE,2015
JDAJ200G0F3009216,Alloy 4x2 MT,GRIS,2015
JDAJ200G0F3009223,Alloy 4x2 MT,MARRON BRONCE,2015
JDAJ200G0F3009231,Alloy 4x2 MT,GUINDA,2015
JDAJ200G0F3009236,Alloy 4x2 MT,GRIS,2015
JDAJ200G0F3009238,Alloy 4x2 MT,PLATA,2015
JDAJ200G0F3009245,Alloy 4x2 MT,PLATA,2015
JDAJ200G0F3009134,Basic 4x2 AT,NEGRO,2015
JDAJ200G0F3009148,Basic 4x2 AT,BEIGE,2015
JDAJ200G0F3009156,Basic 4x2 AT,GRIS,2015
MHKG2CN20GK001548,Long 4x2 MT Up Grade,BLANCO,2015
MHKG2CN20GK001549,Long 4x2 MT Up Grade,GRIS,2015
MHKG2CN20GK001550,Long 4x2 MT Up Grade,PLATA,2015
MHKG2CN20GK001551,Long 4x2 MT Up Grade,GUINDA,2015
MHKG2CN20GK001552,Long 4x2 MT Up Grade,BEIGE,2015
MHKG2CN20GK001553,Long 4x2 MT Up Grade,NEGRO,2015
MHKG2CN20GK001554,Long 4x2 MT Up Grade,PLATA,2015
MHKG2CN20GK001555,Long 4x2 MT Up Grade,GUINDA,2015
MHKG2CN20GK001556,Long 4x2 MT Up Grade,NEGRO,2015
MHKG2CN20GK001557,Long 4x2 MT Up Grade,GUINDA,2015
LPBMBDTE1FJ505616,COMMUTER IS,BLANCO,2015
LPBMBDTE2FJ505611,COMMUTER IS,BLANCO,2015
LPBMBDTE7FJ505619,COMMUTER IS,BLANCO,2015
LPBMBDTE7FJ505605,COMMUTER IS,BLANCO,2015
LPBMBDTE4FJ505609,COMMUTER IS,BLANCO,2015
LPBMBDTE0FJ505610,COMMUTER IS,BLANCO,2015
LPBMBDTE1FJ505602,COMMUTER IS,BLANCO,2015
LPBMBDTE9FJ505606,COMMUTER IS,BLANCO,2015
LPBMBDTE3FJ505603,COMMUTER IS,BLANCO,2015
LPBMBDTE2FJ505625,COMMUTER IS,BLANCO,2015
LPBMBDTE5FJ505618,COMMUTER IS,BLANCO,2015
LPBMBDTE4FJ505612,COMMUTER IS,BLANCO,2015
LPBMBDTE3FJ505617,COMMUTER IS,BLANCO,2015
LPBMBDTE2FJ505608,COMMUTER IS,BLANCO,2015
LPBMBDTE3FJ505620,COMMUTER IS,BLANCO,2015
LPBMBDTEXFJ505615,COMMUTER IS,BLANCO,2015
LPBMBDTE5FJ505604,COMMUTER IS,BLANCO,2015
LPBMBDTE6FJ505613,COMMUTER IS,BLANCO,2015
LPBMBDTE0FJ505607,COMMUTER IS,BLANCO,2015
LPBMBDTE8FJ505614,COMMUTER IS,BLANCO,2015
LPBMBDTE8FJ505631,COMMUTER IS,BLANCO,2015
LPBMBDTE0FJ505624,COMMUTER IS,BLANCO,2015
LPBMBDTE8FJ505628,COMMUTER IS,BLANCO,2015
LPBMBDTEXFJ505632,COMMUTER IS,BLANCO,2015
LPBMBDTE6FJ505630,COMMUTER IS,BLANCO,2015
LPBMBDTE3FJ505648,COMMUTER IS,BLANCO,2015
LPBMBDTE9FJ505623,COMMUTER IS,BLANCO,2015
LPBMBDTE1FJ505633,COMMUTER IS,BLANCO,2015
LPBMBDTE5FJ505621,COMMUTER IS,BLANCO,2015
LPBMBDTE7FJ505622,COMMUTER IS,BLANCO,2015
LVBV9JD31FN030290,F35,ROJO,2015
LVBV9JD34FN030283,F35,BLANCO,2015
LVBV9JD37FN030276,F35,BLANCO,2015
LVBV9JD39FN030277,F35,BLANCO,2015
LVBV9JD30FN030278,F35,BLANCO,2015
LVBV9JD35FN030292,F35,AZUL,2015
LVBV9JD31FN030273,F35,BLANCO,2015
LVBV9JD38FN030268,F35,BLANCO,2015
LVBV9JD30FN030281,F35,BLANCO,2015
LVBV9JD31FN030287,F35,BLANCO,2015
LVBV9JD38FN030271,F35,BLANCO,2015
LVBV9JD3XFN030272,F35,BLANCO,2015
LVBV9JD32FN030282,F35,BLANCO,2015
LVBV9JD38FN030285,F35,BLANCO,2015
LVBV9JD3XFN030269,F35,BLANCO,2015
LVBV9JD36FN030270,F35,BLANCO,2015
LVBV9JD33FN030274,F35,BLANCO,2015
LVBV9JD32FN030279,F35,BLANCO,2015
LVBV9JD35FN030275,F35,BLANCO,2015
LVBV9JD36FN030284,F35,BLANCO,2015
LVBV9JD3XFN030286,F35,BLANCO,2015
LVBV9JD37FN030293,F35,AZUL,2015
LVBV9JD39FN030280,F35,BLANCO,2015
LVBV9JD33FN030288,F35,ROJO,2015
LVBV9JD35FN030289,F35,ROJO,2015
LVBV9JD33FN030291,F35,ROJO,2015
LVBVCJD63FN030299,F45,BLANCO,2015
LVBVCJD6XFN030302,F45,BLANCO,2015
LVBVCJD63FN030304,F45,ROJO,2015
LVBVCJD65FN030305,F45,AZUL,2015
LVBVCJD66FN030295,F45,BLANCO,2015
LVBVCJD6XFN030297,F45,BLANCO,2015
LVBVCJD66FN030300,F45,BLANCO,2015
LVBVCJD61FN030303,F45,ROJO,2015
LVBVCJD68FN030296,F45,BLANCO,2015
LVBVCJD61FN030298,F45,BLANCO,2015
LVBVCJD68FN030301,F45,BLANCO,2015
LVBVCJD67FN030306,F45,AZUL,2015
LVBDEJEA3FN030263,FD40,AZUL,2015
LVBDEJEA8FN030260,FD40,ROJO,2015
LVBDEJEA7FN030265,FD40,BLANCO,2015
LVBDEJEA1FN030259,FD40,BLANCO,2015
LVBDEJEA9FN030266,FD40,BLANCO,2015
LVBDEJEA5FN030264,FD40,BLANCO,2015
LVBDEJEA1FN030262,FD40,AZUL,2015
LVBDEJEAXFN030261,FD40,ROJO,2015
LVBDJPFA1FN045311,FD80,BLANCO,2015
LVBDJPFA0FN045316,FD80,ROJO,2015
LVBDJPFA7FN045314,FD80,BLANCO,2015
LVBDJPFA9FN045315,FD80,ROJO,2015
LVBDJPFA4FN045318,FD80,AZUL,2015
LVBDJPFA2FN045317,FD80,AZUL,2015
LVBDJPFA3FN045312,FD80,BLANCO,2015
LVBDJPFA5FN045313,FD80,BLANCO,2015
MHKG2CN20GK001568,Long 4x2 MT Up Grade,BLANCO,2015
MHKG2CN20GK001569,Long 4x2 MT Up Grade,GRIS,2015
MHKG2CN20GK001570,Long 4x2 MT Up Grade,GUINDA,2015
MHKG2CN20GK001571,Long 4x2 MT Up Grade,NEGRO,2015
MHKG2CN20GK001572,Long 4x2 MT Up Grade,BEIGE,2015
MHKG2CN20GK001573,Long 4x2 MT Up Grade,PLATA,2015
MHKG2CN20GK001574,Long 4x2 MT Up Grade,BLANCO,2015
MHKG2CN20GK001575,Long 4x2 MT Up Grade,GRIS,2015
MHKG2CN20GK001576,Long 4x2 MT Up Grade,BEIGE,2015
MHKG2CN20GK001577,Long 4x2 MT Up Grade,GUINDA,2015
LPBMBDTE6FJ505689,COMMUTER IS,BLANCO,2015
LPBMBDTE2FJ505687,COMMUTER IS,BLANCO,2015
LPBMBDTE4FJ505688,COMMUTER IS,BLANCO,2015
LPBMBDTE4FJ505657,COMMUTER IS,BLANCO,2015
LPBMBDTE0FJ505686,COMMUTER IS,BLANCO,2015
LPBMBDTE8FJ505659,COMMUTER IS,BLANCO,2015
LPBMBDTE9FJ505685,COMMUTER IS,BLANCO,2015
LPBMBDTE3FJ505682,COMMUTER IS,BLANCO,2015
LPBMBDTE7FJ505684,COMMUTER IS,BLANCO,2015
LPBMBDTE4FJ505691,COMMUTER IS,BLANCO,2015
LPBMBDTE9FJ505671,COMMUTER IS,BLANCO,2015
LPBMBDTE1FJ505664,COMMUTER IS,BLANCO,2015
LPBMBDTE3FJ505665,COMMUTER IS,BLANCO,2015
LPBMBDTEXFJ505677,COMMUTER IS,BLANCO,2015
LPBMBDTE2FJ505673,COMMUTER IS,BLANCO,2015
LPBMBDTE7FJ505670,COMMUTER IS,BLANCO,2015
LPBMBDTE3FJ505679,COMMUTER IS,BLANCO,2015
LPBMBDTE8FJ505676,COMMUTER IS,BLANCO,2015
LPBMBDTE0FJ505669,COMMUTER IS,BLANCO,2015
LPBMBDTE6FJ505675,COMMUTER IS,BLANCO,2015
LPBMBDTEXFJ505680,COMMUTER IS,BLANCO,2015
LPBMBDTE0FJ505672,COMMUTER IS,BLANCO,2015
LPBMBDTE2FJ505690,COMMUTER IS,BLANCO,2015
LPBMBDTE7FJ505667,COMMUTER IS,BLANCO,2015
LPBMBDTE1FJ505678,COMMUTER IS,BLANCO,2015
LPBMBDTE1FJ505681,COMMUTER IS,BLANCO,2015
LPBMBDTE9FJ505668,COMMUTER IS,BLANCO,2015
LPBMBDTE4FJ505674,COMMUTER IS,BLANCO,2015
LPBMBDTE5FJ505666,COMMUTER IS,BLANCO,2015
LPBMBDTE5FJ505683,COMMUTER IS,BLANCO,2015
JDAJ200G0G3009433,Alloy 4x2 MT,MARRON BRONCE,2015
JDAJ200G0G3009434,Alloy 4x2 MT,NEGRO,2015
JDAJ200G0G3009440,Alloy 4x2 MT,NEGRO,2015
JDAJ200G0G3009443,Alloy 4x2 MT,MARRON BRONCE,2015
JDAJ200G0G3009447,Alloy 4x2 MT,BLANCO,2015
JDAJ200G0G3009448,Alloy 4x2 MT,GUINDA,2015
JDAJ200G0G3009454,Alloy 4x2 MT,BLANCO,2015
JDAJ200G0G3009455,Alloy 4x2 MT,GUINDA,2015
JDAJ200G0G3009458,Alloy 4x2 MT,BEIGE,2015
JDAJ200G0G3009462,Alloy 4x2 MT,PLATA,2015
JDAJ200G0G3009468,Alloy 4x2 MT,PLATA,2015
JDAJ200G0G3009469,Alloy 4x2 MT,BEIGE,2015
JDAJ200G0G3009472,Alloy 4x2 MT,GRIS,2015
JDAJ200G0G3009476,Alloy 4x2 MT,GRIS,2015
JDAJ200G0G3009411,Basic 4x2 AT,GRIS,2015
JDAJ200G0G3009412,Basic 4x2 AT,BEIGE,2015
JDAJ200G0G3009415,Basic 4x2 AT,PLATA,2015
JDAJ200G0G3009416,Basic 4x2 AT,BLANCO,2015
JDAJ200G0G3009422,Basic 4x2 AT,GUINDA,2015
JDAJ200G0G3009425,Basic 4x2 AT,NEGRO,2015
LBZF46EA1CA000022,BEIBEN,BLANCO,2012
LHBPFPUS8DN210464,B100-CB,BLANCO,2013
LHBM3HTE1EN605052,Destroyer 4x2,NEGRO,2014
LVBV3JBB2EE254047,F50,ROJO,2014
LVBVKPEK7EN045520,F123,PLATA,2014
LVBVMPHN8EN045591,F130,ROJO,2014
LVBDCJB30EN030683,FD20,BLANCO,2014
LVBDLPHD8EN045645,FD130,BLANCO,2014
LVBVLPFK0EN045791,F110,BLANCO,2014
JDAJ210G0F3010044,Safety 4x4 MT,PLATA,2014
LVBVFPEG2FN020106,F80-BR,ROJO,2014
LS4A773TXEG002367,METROGAS 7,BLANCO CON ROJO,2014
MHKG2CN20FK001446,Long 4x2 MT,GRIS,2015
LVBDEJEA5FN030104,FD40,ROJO,2015
LHBP41TR1FK205306,B30,BLANCO,2015
LVBVGJEA2FN045125,F68-BR,BLANCO,2015
LPBMBDTE4FJ505626,COMMUTER IS,BLANCO,2015
LPBMBDTE4EN505469,TURISMO,BLANCO,2014
LVBDCJB33EN030905,FD20,BLANCO,2014
MHKG2CP40FK005301,Long 4x2 AT LUXURY,PLATA,2014
MHKG2CP40FK005356,Long 4x2 AT LUXURY,BEIGE,2014
LHBR3HSN2DN106816,DESTROYER III,VERDE,2013
JDAJ200G0F3007713,Basic 4x2 AT,PLATA,2014
JDAJ210G0F3009956,Safety 4x4 MT,BLANCO,2014
JDAJ210G0F3009974,Safety 4x4 AT,GRIS,2014
JDAJ200G0F3008359,Alloy 4x2 MT,MARRON BRONCE,2015
JDAJ200G0F3008408,Alloy 4x2 MT,GUINDA,2015
LHBPA1SD1FK205224,B20,BLANCO,2015
LS4A675Y0EG000493,CITIZEN II,BLANCO CON ROJO,2014
LHBM3HTE4EN605045,Destroyer 4x2,VERDE,2014
LVBVLPFK2EN045629,F110,BLANCO,2014
LVBVMPHN4EN045622,F130,BLANCO,2014
LVBVLPFK3EN045820,F110-BR,BLANCO,2014
LVBDCJB37EN030907,FD20,AZUL,2014
LHBPFPUS0FK205070,B100,BLANCO,2014
LHBR3HSNXDN106594,DESTROYER III,PLATA,2013
LS4A575T9EG001598,GRAND BUFFALO,BLANCO CON ROJO,2014
LVBDLPHD8FN020097,FD130,ROJO,2014
LVBVFPEG4FN020107,F80-BR,ROJO,2014
JDAJ200G0F3008479,Alloy 4x2 MT,BEIGE,2015
LS4A773T3EG002369,METROGAS 7,BLANCO CON ROJO,2014
MHKG2CN20FK001473,Long 4x2 MT,PLATA,2015
LVBV9JD39FN030022,F35-CB,BLANCO,2015
LVBVCJD60FN045049,F45,BLANCO,2015
LVBDEJEA1FN030097,FD40,BLANCO,2015
LHBPA1SD8FK205222,B20,BLANCO,2015
LHBPA1UR6FK205325,B40,BLANCO,2015
LVBVGJEAXFN045132,F68-BR,BLANCO,2015
LVBDJPFA5FN045098,FD80,ROJO,2015
LPBMBDTEXFJ505663,COMMUTER IS,BLANCO,2015
LVBV6PEB3BN092091,FD150,ROJO,2011
LVBV5PDC2EN020039,F130,ROJO,2013
LVBDCJB34EN012803,FD20,BLANCO,2014
LS4A675Y3EG001072,CITIZEN II,BLANCO CON ROJO,2014
LVBVLPFK0EN045631,F110,ROJO,2014
LVBDLPHD1EN045647,FD130,ROJO,2014
LHBPD1US1FK205050,B50,BLANCO,2014
LHBPFPUS8FK205074,B100,BLANCO,2014
LHBPA1UR4FK205128,B40,BLANCO,2014
LVBVCJD67FN045050,F45,BLANCO,2015
LVBDEJEA3FN030098,FD40,BLANCO,2015
LHBP41TR9FK205313,B30,BLANCO,2015
LHBPA1SD4FK205217,B20,BLANCO,2015
LVBVGJEA9FN045123,F68-BR,BLANCO,2015
LHBPFPUS6DN210530,B100-CB,BLANCO,2013
MHKG2CP40EK005134,Long 4x2 AT LUXURY,PLATA,2014
LVBVLPFK0EN045628,F110,BLANCO,2014
JDAJ210G0F3009876,Safety 4x4 AT,MARRON BRONCE,2014
JDAJ200G0F3008417,Alloy 4x2 MT,GUINDA,2015
JDAJ200G0F3008462,Alloy 4x2 MT,BEIGE,2015
MHKG2CN20FK001474,Long 4x2 MT,BLANCO,2015
LVBVCJD69FN045048,F45,BLANCO,2015
LHBP41TR3FK205307,B30,BLANCO,2015
LHBPA1URXFK205327,B40,BLANCO,2015
LPBMBDTEXEN505475,TURISMO,BLANCO,2014
LVBV9JD37FN030021,F35-CB,BLANCO,2015
LVBVCJD66FN045041,F45,BLANCO,2015
LVBDEJEA8FN030081,FD40,BLANCO,2015
LBZF46EA1CA000019,BEIBEN,ANARANJADO,2012
LVBV6PEB1CN019867,FD150,ROJO,2012
LHBPFPUS2DN209259,B100-CB,BLANCO,2013
LPBMBDTE7EN505465,TURISMO,BLANCO,2014
LHBM3HTE0EN605057,Destroyer 4x2,VERDE,2014
LVBV4JBB1EE254036,F70,BLANCO,2014
LVBVKPFK2EN045567,F110-BR,ROJO,2014
LVBVKPEK0EN045522,F123,PLATA,2014
LVBVMPHN6EN045587,F130,BLANCO,2014
LVBVGJEA9EN045685,F65,BLANCO,2014
LVBDLPHDXEN045646,FD130,BLANCO,2014
LVBVLPFK4EN045907,F110,BLANCO,2014
LVBVFPEG6FN020108,F80-BR,ROJO,2014
LHBPFPUS1FK205157,B100,AZUL,2014
LVBV9JD39FN030019,F35-CB,BLANCO,2015
LVBVCJD63FN045045,F45,BLANCO,2015
JDAJ200G0F3008716,Alloy 4x2 MT,BEIGE,2015
LVBDJPFAXFN045100,FD80,AZUL,2015
LHBP41TR5FK205308,B30,BLANCO,2015
LHBPA1URXFK205330,B40,BLANCO,2015
LVBDFPEA0FN045139,FD65,BLANCO,2015
LPBMBDTE8FJ505645,COMMUTER IS,BLANCO,2015
LVBV5PDC7EN020036,F130,BLANCO,2013
LS4A575T7EG001597,GRAND BUFFALO,BLANCO CON ROJO,2014
LPBMBDTE7FJ505202,COMMUTER,PLATA,2014
MHKG2CP40FK005503,Long 4x2 AT LUXURY,BEIGE,2014
LVBV9JD30FN030023,F35-CB,BLANCO,2015
LHBP41TR0FK205314,B30,BLANCO,2015
LHBPA1SD0FK205215,B20,BLANCO,2015
JDAJ200G0F3008888,Alloy 4x2 MT,NEGRO,2015
JDAJ200G0E3005921,Basic 4x2 AT,BEIGE,2014
LPBMBDTE8EN505474,TURISMO,BLANCO,2014
JDAJ200G0E3006351,Basic 4x2 AT,GRIS,2014
LHBR3HSN2DN106945,DESTROYER III,VERDE,2013
JDAJ210G0F3010064,Safety 4x4 MT,GUINDA,2014
JDAJ200G0F3008755,Alloy 4x2 MT,PLATA,2015
LVBV6PEB7DN029997,FD150,ROJO,2013
LHBPFPUS1DN209284,B100-CB,BLANCO,2013
LS4A675Y4EG000500,CITIZEN II,BLANCO CON ROJO,2014
LVBV3JBB7EE254044,F50,PLATA,2014
LVBV4JBB7EE254039,F70,ROJO,2014
LVBVKPEK0EN045519,F123,BLANCO,2014
LVBVMPHN8EN045588,F130,BLANCO,2014
LVBVGJEA9EN045542,F65,ROJO,2014
LVBDCJB33EN030578,FD20,ROJO,2014
LVBVLPFK9EN045790,F110,ROJO,2014
LHBPFPUSXFK205075,B100,BLANCO,2014
LPBMBDTE1FJ505132,COMMUTER IS,BLANCO,2014
LS4A575T7EG001602,GRAND BUFFALO,BLANCO CON ROJO,2014
LVBVFPEG3FN020101,F80-BR,BLANCO,2014
MHKG2CN20FK001447,Long 4x2 MT,PLATA,2015
LVBV9JD33FN030033,F35-CB,BLANCO,2015
JDAJ200G0F3008758,Alloy 4x2 MT,MARRON BRONCE,2015
LHBP41TR6FK205303,B30,BLANCO,2015
LHBPA1UR1FK205331,B40,BLANCO,2015
LVBVGJEA8FN045131,F68-BR,BLANCO,2015
LPBMBDTEXFJ505629,COMMUTER IS,BLANCO,2015
LVBV9JD31FN030046,F35,BLANCO,2015
LVBVGJEAXFN045051,F68-BR,BLANCO,2015
LVBVGJEA9FN045056,F68-BR,AZUL,2015
LVBVGJEA7FN045055,F68-BR,ROJO,2015
LVBV9JD37FN030035,F35,BLANCO,2015
LVBV9JD30FN030040,F35,BLANCO,2015
LVBV9JD38FN030044,F35,BLANCO,2015
LVBV9JD3XFN030045,F35,BLANCO,2015
LVBV9JD30FN030037,F35,BLANCO,2015
LVBV9JD32FN030041,F35,BLANCO,2015
LVBV9JD32FN030038,F35,BLANCO,2015
LVBV9JD35FN030048,F35,BLANCO,2015
LVBV9JD36FN030043,F35,BLANCO,2015
LVBV9JD39FN030036,F35,BLANCO,2015
LVBV9JD35FN030034,F35,BLANCO,2015
LVBV9JD38FN030058,F35,ROJO,2015
LVBV9JD36FN030060,F35,AZUL,2015
LVBVGJEA3FN045053,F68-BR,BLANCO,2015
LVBVGJEA5FN045054,F68-BR,BLANCO,2015
LHBPFPUS9DN209257,B100-CB,BLANCO,2013
LPBMBDTE6EN505473,TURISMO,BLANCO,2014
LS4A675Y8EG000497,CITIZEN II,BLANCO CON ROJO,2014
LVBV3JBB4EE254048,F50,AZUL,2014
LVBVKPFK4EN045568,F110-BR,ROJO,2014
LVBVGJEA7EN045541,F65,BLANCO,2014
LVBDCJB31EN030577,FD20,ROJO,2014
LVBVKPEK2EN045523,F123,AZUL,2014
LVBVLPFK2EN045632,F110,ROJO,2014
LHBR3HSN4DN106946,DESTROYER III,VERDE,2013
LS4A575T5EG001601,GRAND BUFFALO,BLANCO CON ROJO,2014
LHBP41TRXFK205305,B30,BLANCO,2015
LHBPA1UR2FK205323,B40,BLANCO,2015
LVBVGJEAXFN045129,F68-BR,BLANCO,2015
LPBMBDTE0FJ505638,COMMUTER IS,BLANCO,2015
LVBVCJD67EN010247,F45,BLANCO,2014
JDAJ200G0F3008587,Basic 4x2 AT,GRIS,2015
MHKG2CN20FK001444,Long 4x2 MT,BLANCO,2015
LVBV9JD38FN030030,F35-CB,BLANCO,2015
JDAJ200G0F3008717,Alloy 4x2 MT,GUINDA,2015
LPBMBDTE9FJ505590,COMMUTER IS,BLANCO,2015
LHBP41TR4FK205302,B30,BLANCO,2015
LHBPA1SD2FK205216,B20,BLANCO,2015
LHBPA1SD6FK205218,B20-CB,BLANCO,2015
LVBVGJEA1FN045052,F68-BR,BLANCO,2015
LVBV9JD3XFN030059,F35,AZUL,2015
LVBV4JBB6DN016097,F65,BLANCO,2013
LVBVFPEG5FN020102,F80-BR,BLANCO,2014
LVBV9JD37FN030049,F35,BLANCO,2015
LVBVCJD64EN030973,F45,BLANCO,2014
LHBPA1UR3FK205329,B40,BLANCO,2015
LVBVCJD68EN030975,F45,BLANCO,2014
LHBPD1US1FK205047,B50,BLANCO,2014